"Label","Ada County, Idaho!!Estimate","Ada County, Idaho!!Percent","Adams County, Idaho!!Estimate","Adams County, Idaho!!Percent","Bannock County, Idaho!!Estimate","Bannock County, Idaho!!Percent","Bear Lake County, Idaho!!Estimate","Bear Lake County, Idaho!!Percent","Benewah County, Idaho!!Estimate","Benewah County, Idaho!!Percent","Bingham County, Idaho!!Estimate","Bingham County, Idaho!!Percent","Blaine County, Idaho!!Estimate","Blaine County, Idaho!!Percent","Boise County, Idaho!!Estimate","Boise County, Idaho!!Percent","Bonner County, Idaho!!Estimate","Bonner County, Idaho!!Percent","Bonneville County, Idaho!!Estimate","Bonneville County, Idaho!!Percent","Boundary County, Idaho!!Estimate","Boundary County, Idaho!!Percent","Butte County, Idaho!!Estimate","Butte County, Idaho!!Percent","Camas County, Idaho!!Estimate","Camas County, Idaho!!Percent","Canyon County, Idaho!!Estimate","Canyon County, Idaho!!Percent","Caribou County, Idaho!!Estimate","Caribou County, Idaho!!Percent","Cassia County, Idaho!!Estimate","Cassia County, Idaho!!Percent","Clark County, Idaho!!Estimate","Clark County, Idaho!!Percent","Clearwater County, Idaho!!Estimate","Clearwater County, Idaho!!Percent","Custer County, Idaho!!Estimate","Custer County, Idaho!!Percent","Elmore County, Idaho!!Estimate","Elmore County, Idaho!!Percent","Franklin County, Idaho!!Estimate","Franklin County, Idaho!!Percent","Fremont County, Idaho!!Estimate","Fremont County, Idaho!!Percent","Gem County, Idaho!!Estimate","Gem County, Idaho!!Percent","Gooding County, Idaho!!Estimate","Gooding County, Idaho!!Percent","Idaho County, Idaho!!Estimate","Idaho County, Idaho!!Percent","Jefferson County, Idaho!!Estimate","Jefferson County, Idaho!!Percent","Jerome County, Idaho!!Estimate","Jerome County, Idaho!!Percent","Kootenai County, Idaho!!Estimate","Kootenai County, Idaho!!Percent","Latah County, Idaho!!Estimate","Latah County, Idaho!!Percent","Lemhi County, Idaho!!Estimate","Lemhi County, Idaho!!Percent","Lewis County, Idaho!!Estimate","Lewis County, Idaho!!Percent","Lincoln County, Idaho!!Estimate","Lincoln County, Idaho!!Percent","Madison County, Idaho!!Estimate","Madison County, Idaho!!Percent","Minidoka County, Idaho!!Estimate","Minidoka County, Idaho!!Percent","Nez Perce County, Idaho!!Estimate","Nez Perce County, Idaho!!Percent","Oneida County, Idaho!!Estimate","Oneida County, Idaho!!Percent","Owyhee County, Idaho!!Estimate","Owyhee County, Idaho!!Percent","Payette County, Idaho!!Estimate","Payette County, Idaho!!Percent","Power County, Idaho!!Estimate","Power County, Idaho!!Percent","Shoshone County, Idaho!!Estimate","Shoshone County, Idaho!!Percent","Teton County, Idaho!!Estimate","Teton County, Idaho!!Percent","Twin Falls County, Idaho!!Estimate","Twin Falls County, Idaho!!Percent","Valley County, Idaho!!Estimate","Valley County, Idaho!!Percent","Washington County, Idaho!!Estimate","Washington County, Idaho!!Percent"
"SEX AND AGE","","","","","","","","","","","","","","","","","","","","","","","","","","","","","","","","","","","","","","","","","","","","","","","","","","","","","","","","","","","","","","","","","","","","","","","","","","","","","","","","","","","","","","","",""
"    Total population","456,849","456,849","4,097","4,097","85,765","85,765","6,000","6,000","9,138","9,138","45,839","45,839","22,373","22,373","7,378","7,378","43,611","43,611","114,392","114,392","11,845","11,845","2,581","2,581","1,048","1,048","217,633","217,633","6,953","6,953","23,690","23,690","913","913","8,673","8,673","4,169","4,169","26,743","26,743","13,464","13,464","13,020","13,020","17,331","17,331","15,148","15,148","16,411","16,411","28,534","28,534","23,730","23,730","157,322","157,322","39,505","39,505","7,847","7,847","3,838","3,838","5,350","5,350","39,100","39,100","20,705","20,705","40,217","40,217","4,385","4,385","11,552","11,552","23,260","23,260","7,671","7,671","12,609","12,609","11,426","11,426","84,869","84,869","10,709","10,709","10,057","10,057"
"        Male","228,886","50.1%","2,112","51.5%","42,727","49.8%","2,958","49.3%","4,620","50.6%","22,914","50.0%","11,521","51.5%","3,779","51.2%","21,751","49.9%","57,322","50.1%","5,921","50.0%","1,359","52.7%","497","47.4%","107,672","49.5%","3,570","51.3%","12,047","50.9%","480","52.6%","4,831","55.7%","2,147","51.5%","14,059","52.6%","6,915","51.4%","6,752","51.9%","8,616","49.7%","7,773","51.3%","8,629","52.6%","14,526","50.9%","11,982","50.5%","77,730","49.4%","20,254","51.3%","3,987","50.8%","1,900","49.5%","2,805","52.4%","19,881","50.8%","10,345","50.0%","19,834","49.3%","2,146","48.9%","5,952","51.5%","11,544","49.6%","3,881","50.6%","6,298","49.9%","5,972","52.3%","41,795","49.2%","5,411","50.5%","4,924","49.0%"
"        Female","227,963","49.9%","1,985","48.5%","43,038","50.2%","3,042","50.7%","4,518","49.4%","22,925","50.0%","10,852","48.5%","3,599","48.8%","21,860","50.1%","57,070","49.9%","5,924","50.0%","1,222","47.3%","551","52.6%","109,961","50.5%","3,383","48.7%","11,643","49.1%","433","47.4%","3,842","44.3%","2,022","48.5%","12,684","47.4%","6,549","48.6%","6,268","48.1%","8,715","50.3%","7,375","48.7%","7,782","47.4%","14,008","49.1%","11,748","49.5%","79,592","50.6%","19,251","48.7%","3,860","49.2%","1,938","50.5%","2,545","47.6%","19,219","49.2%","10,360","50.0%","20,383","50.7%","2,239","51.1%","5,600","48.5%","11,716","50.4%","3,790","49.4%","6,311","50.1%","5,454","47.7%","43,074","50.8%","5,298","49.5%","5,133","51.0%"
"        Sex ratio (males per 100 females)","100.4","(X)","106.4","(X)","99.3","(X)","97.2","(X)","102.3","(X)","100.0","(X)","106.2","(X)","105.0","(X)","99.5","(X)","100.4","(X)","99.9","(X)","111.2","(X)","90.2","(X)","97.9","(X)","105.5","(X)","103.5","(X)","110.9","(X)","125.7","(X)","106.2","(X)","110.8","(X)","105.6","(X)","107.7","(X)","98.9","(X)","105.4","(X)","110.9","(X)","103.7","(X)","102.0","(X)","97.7","(X)","105.2","(X)","103.3","(X)","98.0","(X)","110.2","(X)","103.4","(X)","99.9","(X)","97.3","(X)","95.8","(X)","106.3","(X)","98.5","(X)","102.4","(X)","99.8","(X)","109.5","(X)","97.0","(X)","102.1","(X)","95.9","(X)"
"        Under 5 years","26,723","5.8%","153","3.7%","6,220","7.3%","411","6.9%","529","5.8%","3,490","7.6%","1,165","5.2%","240","3.3%","2,125","4.9%","9,713","8.5%","747","6.3%","152","5.9%","74","7.1%","16,407","7.5%","466","6.7%","1,948","8.2%","67","7.3%","311","3.6%","132","3.2%","2,113","7.9%","1,017","7.6%","830","6.4%","977","5.6%","1,032","6.8%","771","4.7%","2,429","8.5%","2,030","8.6%","9,409","6.0%","2,017","5.1%","392","5.0%","209","5.4%","369","6.9%","3,847","9.8%","1,580","7.6%","2,368","5.9%","272","6.2%","760","6.6%","1,521","6.5%","566","7.4%","802","6.4%","727","6.4%","6,275","7.4%","482","4.5%","493","4.9%"
"        5 to 9 years","29,763","6.5%","211","5.2%","6,187","7.2%","527","8.8%","560","6.1%","4,290","9.4%","1,331","5.9%","229","3.1%","2,424","5.6%","10,143","8.9%","807","6.8%","233","9.0%","95","9.1%","17,333","8.0%","611","8.8%","2,101","8.9%","87","9.5%","359","4.1%","192","4.6%","2,306","8.6%","1,115","8.3%","925","7.1%","820","4.7%","1,367","9.0%","829","5.1%","2,637","9.2%","1,968","8.3%","10,931","6.9%","2,006","5.1%","495","6.3%","249","6.5%","522","9.8%","2,594","6.6%","1,987","9.6%","2,380","5.9%","413","9.4%","880","7.6%","1,839","7.9%","678","8.8%","680","5.4%","966","8.5%","6,631","7.8%","419","3.9%","900","8.9%"
"        10 to 14 years","33,578","7.3%","210","5.1%","6,379","7.4%","357","6.0%","600","6.6%","4,054","8.8%","1,526","6.8%","484","6.6%","2,544","5.8%","9,881","8.6%","710","6.0%","156","6.0%","68","6.5%","18,615","8.6%","580","8.3%","2,270","9.6%","51","5.6%","410","4.7%","185","4.4%","1,331","5.0%","1,430","10.6%","976","7.5%","1,469","8.5%","1,019","6.7%","1,048","6.4%","2,960","10.4%","2,242","9.4%","9,541","6.1%","2,161","5.5%","346","4.4%","264","6.9%","403","7.5%","2,607","6.7%","1,378","6.7%","2,326","5.8%","407","9.3%","826","7.2%","1,824","7.8%","709","9.2%","642","5.1%","750","6.6%","6,926","8.2%","608","5.7%","567","5.6%"
"        15 to 19 years","31,299","6.9%","177","4.3%","6,535","7.6%","423","7.1%","551","6.0%","3,597","7.8%","1,472","6.6%","515","7.0%","2,456","5.6%","8,314","7.3%","836","7.1%","86","3.3%","61","5.8%","16,751","7.7%","506","7.3%","1,909","8.1%","102","11.2%","444","5.1%","243","5.8%","1,534","5.7%","1,189","8.8%","1,089","8.4%","1,055","6.1%","1,101","7.3%","860","5.2%","2,350","8.2%","1,691","7.1%","9,778","6.2%","4,016","10.2%","411","5.2%","214","5.6%","427","8.0%","4,548","11.6%","1,513","7.3%","2,446","6.1%","293","6.7%","875","7.6%","1,539","6.6%","459","6.0%","663","5.3%","676","5.9%","5,755","6.8%","419","3.9%","607","6.0%"
"        20 to 24 years","27,631","6.0%","137","3.3%","6,178","7.2%","306","5.1%","415","4.5%","2,865","6.3%","1,020","4.6%","163","2.2%","1,801","4.1%","7,068","6.2%","589","5.0%","42","1.6%","18","1.7%","14,637","6.7%","386","5.6%","1,469","6.2%","56","6.1%","375","4.3%","222","5.3%","2,695","10.1%","766","5.7%","788","6.1%","1,048","6.0%","888","5.9%","803","4.9%","1,714","6.0%","1,388","5.8%","8,666","5.5%","6,988","17.7%","278","3.5%","186","4.8%","268","5.0%","9,159","23.4%","1,306","6.3%","2,683","6.7%","264","6.0%","670","5.8%","1,271","5.5%","296","3.9%","621","4.9%","605","5.3%","5,251","6.2%","261","2.4%","369","3.7%"
"        25 to 34 years","65,774","14.4%","361","8.8%","12,889","15.0%","635","10.6%","834","9.1%","5,290","11.5%","2,343","10.5%","498","6.7%","4,088","9.4%","15,716","13.7%","1,066","9.0%","333","12.9%","98","9.4%","28,865","13.3%","718","10.3%","2,823","11.9%","128","14.0%","903","10.4%","297","7.1%","4,465","16.7%","1,474","10.9%","1,450","11.1%","1,736","10.0%","1,712","11.3%","1,520","9.3%","3,406","11.9%","3,216","13.6%","19,975","12.7%","5,482","13.9%","655","8.3%","333","8.7%","680","12.7%","6,052","15.5%","2,479","12.0%","5,139","12.8%","345","7.9%","1,247","10.8%","2,342","10.1%","850","11.1%","1,229","9.7%","1,474","12.9%","11,903","14.0%","1,165","10.9%","986","9.8%"
"        35 to 44 years","64,053","14.0%","340","8.3%","10,689","12.5%","700","11.7%","947","10.4%","5,512","12.0%","2,739","12.2%","721","9.8%","4,848","11.1%","14,528","12.7%","1,281","10.8%","287","11.1%","115","11.0%","27,691","12.7%","885","12.7%","2,851","12.0%","82","9.0%","942","10.9%","415","10.0%","2,777","10.4%","1,736","12.9%","1,645","12.6%","1,642","9.5%","1,702","11.2%","1,508","9.2%","3,729","13.1%","2,909","12.3%","19,149","12.2%","3,722","9.4%","773","9.9%","359","9.4%","801","15.0%","2,959","7.6%","2,511","12.1%","4,732","11.8%","488","11.1%","1,335","11.6%","2,792","12.0%","1,155","15.1%","1,390","11.0%","1,913","16.7%","10,553","12.4%","1,211","11.3%","1,097","10.9%"
"        45 to 54 years","59,268","13.0%","447","10.9%","8,914","10.4%","611","10.2%","1,113","12.2%","5,005","10.9%","3,079","13.8%","1,023","13.9%","5,298","12.1%","11,852","10.4%","1,431","12.1%","257","10.0%","108","10.3%","25,044","11.5%","750","10.8%","2,428","10.2%","125","13.7%","1,139","13.1%","504","12.1%","3,004","11.2%","1,348","10.0%","1,458","11.2%","2,232","12.9%","1,875","12.4%","1,843","11.2%","3,063","10.7%","2,601","11.0%","19,270","12.2%","3,736","9.5%","823","10.5%","411","10.7%","540","10.1%","2,446","6.3%","2,143","10.4%","4,679","11.6%","428","9.8%","1,388","12.0%","3,052","13.1%","733","9.6%","1,624","12.9%","1,526","13.4%","9,074","10.7%","1,243","11.6%","1,088","10.8%"
"        55 to 59 years","28,640","6.3%","415","10.1%","4,997","5.8%","389","6.5%","687","7.5%","2,647","5.8%","2,035","9.1%","823","11.2%","3,525","8.1%","6,027","5.3%","897","7.6%","243","9.4%","79","7.5%","12,136","5.6%","482","6.9%","1,291","5.4%","13","1.4%","726","8.4%","323","7.7%","1,582","5.9%","675","5.0%","744","5.7%","1,220","7.0%","1,092","7.2%","1,350","8.2%","1,591","5.6%","1,380","5.8%","10,425","6.6%","2,349","5.9%","634","8.1%","305","7.9%","303","5.7%","1,248","3.2%","1,349","6.5%","2,818","7.0%","384","8.8%","836","7.2%","1,408","6.1%","519","6.8%","992","7.9%","814","7.1%","5,113","6.0%","887","8.3%","677","6.7%"
"        60 to 64 years","26,386","5.8%","437","10.7%","4,960","5.8%","406","6.8%","874","9.6%","2,794","6.1%","1,686","7.5%","847","11.5%","4,141","9.5%","6,215","5.4%","962","8.1%","256","9.9%","135","12.9%","10,925","5.0%","411","5.9%","1,340","5.7%","67","7.3%","751","8.7%","288","6.9%","1,456","5.4%","855","6.4%","901","6.9%","1,454","8.4%","832","5.5%","1,472","9.0%","1,528","5.4%","1,315","5.5%","11,096","7.1%","1,879","4.8%","743","9.5%","361","9.4%","342","6.4%","1,050","2.7%","1,184","5.7%","2,766","6.9%","250","5.7%","661","5.7%","1,512","6.5%","503","6.6%","1,150","9.1%","731","6.4%","4,600","5.4%","1,065","9.9%","798","7.9%"
"        65 to 74 years","39,443","8.6%","765","18.7%","7,196","8.4%","722","12.0%","1,270","13.9%","3,768","8.2%","2,557","11.4%","1,256","17.0%","6,685","15.3%","8,871","7.8%","1,589","13.4%","304","11.8%","136","13.0%","18,023","8.3%","653","9.4%","1,859","7.8%","102","11.2%","1,359","15.7%","838","20.1%","2,098","7.8%","1,032","7.7%","1,299","10.0%","2,142","12.4%","1,417","9.4%","2,625","16.0%","1,938","6.8%","1,867","7.9%","17,540","11.1%","3,176","8.0%","1,375","17.5%","534","13.9%","425","7.9%","1,495","3.8%","1,875","9.1%","4,287","10.7%","463","10.6%","1,227","10.6%","2,355","10.1%","712","9.3%","1,694","13.4%","875","7.7%","7,163","8.4%","1,757","16.4%","1,430","14.2%"
"        75 to 84 years","17,758","3.9%","368","9.0%","3,339","3.9%","362","6.0%","572","6.3%","1,798","3.9%","995","4.4%","411","5.6%","2,858","6.6%","4,326","3.8%","652","5.5%","129","5.0%","48","4.6%","8,366","3.8%","390","5.6%","988","4.2%","33","3.6%","750","8.6%","306","7.3%","1,065","4.0%","650","4.8%","659","5.1%","1,285","7.4%","736","4.9%","1,270","7.7%","975","3.4%","742","3.1%","8,730","5.5%","1,477","3.7%","574","7.3%","356","9.3%","153","2.9%","729","1.9%","938","4.5%","2,329","5.8%","240","5.5%","592","5.1%","1,503","6.5%","370","4.8%","831","6.6%","245","2.1%","4,233","5.0%","650","6.1%","796","7.9%"
"        85 years and over","6,533","1.4%","76","1.9%","1,282","1.5%","151","2.5%","186","2.0%","729","1.6%","425","1.9%","168","2.3%","818","1.9%","1,738","1.5%","278","2.3%","103","4.0%","13","1.2%","2,840","1.3%","115","1.7%","413","1.7%","0","0.0%","204","2.4%","224","5.4%","317","1.2%","177","1.3%","256","2.0%","251","1.4%","375","2.5%","512","3.1%","214","0.7%","381","1.6%","2,812","1.8%","496","1.3%","348","4.4%","57","1.5%","117","2.2%","366","0.9%","462","2.2%","1,264","3.1%","138","3.1%","255","2.2%","302","1.3%","121","1.6%","291","2.3%","124","1.1%","1,392","1.6%","542","5.1%","249","2.5%"
"        Median age (years)","37.0","(X)","55.2","(X)","33.8","(X)","39.6","(X)","46.2","(X)","33.6","(X)","43.2","(X)","54.0","(X)","47.9","(X)","32.9","(X)","43.5","(X)","45.2","(X)","44.5","(X)","33.6","(X)","36.9","(X)","32.9","(X)","33.2","(X)","50.4","(X)","53.0","(X)","32.3","(X)","32.8","(X)","37.6","(X)","44.6","(X)","38.7","(X)","50.2","(X)","31.5","(X)","32.7","(X)","40.2","(X)","28.7","(X)","52.1","(X)","48.6","(X)","35.1","(X)","23.5","(X)","35.2","(X)","40.8","(X)","38.6","(X)","38.9","(X)","40.4","(X)","38.3","(X)","47.3","(X)","37.2","(X)","34.7","(X)","50.6","(X)","45.4","(X)"
"        Under 18 years","109,797","24.0%","701","17.1%","22,589","26.3%","1,584","26.4%","2,064","22.6%","14,215","31.0%","4,963","22.2%","1,260","17.1%","8,713","20.0%","35,371","30.9%","2,793","23.6%","595","23.1%","271","25.9%","62,791","28.9%","2,039","29.3%","7,605","32.1%","265","29.0%","1,395","16.1%","672","16.1%","6,711","25.1%","4,377","32.5%","3,432","26.4%","4,016","23.2%","4,164","27.5%","3,217","19.6%","9,637","33.8%","7,309","30.8%","36,186","23.0%","7,381","18.7%","1,491","19.0%","868","22.6%","1,584","29.6%","10,679","27.3%","5,909","28.5%","8,540","21.2%","1,304","29.7%","3,022","26.2%","6,175","26.5%","2,323","30.3%","2,552","20.2%","2,881","25.2%","23,542","27.7%","1,819","17.0%","2,345","23.3%"
"        16 years and over","360,420","78.9%","3,469","84.7%","65,675","76.6%","4,625","77.1%","7,324","80.1%","33,201","72.4%","18,056","80.7%","6,355","86.1%","36,036","82.6%","82,845","72.4%","9,368","79.1%","2,034","78.8%","806","76.9%","161,935","74.4%","5,174","74.4%","16,903","71.4%","699","76.6%","7,471","86.1%","3,636","87.2%","20,606","77.1%","9,622","71.5%","10,041","77.1%","13,849","79.9%","11,428","75.4%","13,535","82.5%","20,087","70.4%","17,080","72.0%","125,159","79.6%","32,957","83.4%","6,525","83.2%","3,079","80.2%","3,962","74.1%","29,606","75.7%","15,482","74.8%","32,614","81.1%","3,223","73.5%","8,942","77.4%","17,604","75.7%","5,574","72.7%","10,376","82.3%","8,935","78.2%","63,811","75.2%","9,083","84.8%","7,920","78.8%"
"        18 years and over","347,052","76.0%","3,396","82.9%","63,176","73.7%","4,416","73.6%","7,074","77.4%","31,624","69.0%","17,410","77.8%","6,118","82.9%","34,898","80.0%","79,021","69.1%","9,052","76.4%","1,986","76.9%","777","74.1%","154,842","71.1%","4,914","70.7%","16,085","67.9%","648","71.0%","7,278","83.9%","3,497","83.9%","20,032","74.9%","9,087","67.5%","9,588","73.6%","13,315","76.8%","10,984","72.5%","13,194","80.4%","18,897","66.2%","16,421","69.2%","121,136","77.0%","32,124","81.3%","6,356","81.0%","2,970","77.4%","3,766","70.4%","28,421","72.7%","14,796","71.5%","31,677","78.8%","3,081","70.3%","8,530","73.8%","17,085","73.5%","5,348","69.7%","10,057","79.8%","8,545","74.8%","61,327","72.3%","8,890","83.0%","7,712","76.7%"
"        21 years and over","329,667","72.2%","3,306","80.7%","59,187","69.0%","4,224","70.4%","6,847","74.9%","29,980","65.4%","16,637","74.4%","5,897","79.9%","33,692","77.3%","74,719","65.3%","8,694","73.4%","1,953","75.7%","750","71.6%","144,994","66.6%","4,685","67.4%","15,312","64.6%","575","63.0%","7,110","82.0%","3,361","80.6%","19,160","71.6%","8,554","63.5%","9,082","69.8%","12,907","74.5%","10,419","68.8%","12,650","77.1%","17,750","62.2%","15,563","65.6%","115,186","73.2%","27,619","69.9%","6,178","78.7%","2,871","74.8%","3,571","66.7%","24,501","62.7%","13,864","67.0%","30,143","75.0%","2,934","66.9%","8,025","69.5%","16,206","69.7%","5,159","67.3%","9,693","76.9%","8,239","72.1%","58,298","68.7%","8,731","81.5%","7,402","73.6%"
"        62 years and over","78,474","17.2%","1,501","36.6%","14,846","17.3%","1,473","24.6%","2,534","27.7%","7,911","17.3%","4,983","22.3%","2,337","31.7%","12,852","29.5%","18,784","16.4%","3,147","26.6%","703","27.2%","271","25.9%","35,584","16.4%","1,319","19.0%","3,928","16.6%","184","20.2%","2,695","31.1%","1,543","37.0%","4,306","16.1%","2,343","17.4%","2,815","21.6%","4,556","26.3%","3,027","20.0%","5,337","32.5%","3,885","13.6%","3,835","16.2%","36,202","23.0%","6,217","15.7%","2,825","36.0%","1,126","29.3%","847","15.8%","3,265","8.4%","3,960","19.1%","9,486","23.6%","1,014","23.1%","2,478","21.5%","4,943","21.3%","1,546","20.2%","3,483","27.6%","1,767","15.5%","15,484","18.2%","3,471","32.4%","2,952","29.4%"
"        65 years and over","63,734","14.0%","1,209","29.5%","11,817","13.8%","1,235","20.6%","2,028","22.2%","6,295","13.7%","3,977","17.8%","1,835","24.9%","10,361","23.8%","14,935","13.1%","2,519","21.3%","536","20.8%","197","18.8%","29,229","13.4%","1,158","16.7%","3,260","13.8%","135","14.8%","2,313","26.7%","1,368","32.8%","3,480","13.0%","1,859","13.8%","2,214","17.0%","3,678","21.2%","2,528","16.7%","4,407","26.9%","3,127","11.0%","2,990","12.6%","29,082","18.5%","5,149","13.0%","2,297","29.3%","947","24.7%","695","13.0%","2,590","6.6%","3,275","15.8%","7,880","19.6%","841","19.2%","2,074","18.0%","4,160","17.9%","1,203","15.7%","2,816","22.3%","1,244","10.9%","12,788","15.1%","2,949","27.5%","2,475","24.6%"
"        18 years and over","347,052","347,052","3,396","3,396","63,176","63,176","4,416","4,416","7,074","7,074","31,624","31,624","17,410","17,410","6,118","6,118","34,898","34,898","79,021","79,021","9,052","9,052","1,986","1,986","777","777","154,842","154,842","4,914","4,914","16,085","16,085","648","648","7,278","7,278","3,497","3,497","20,032","20,032","9,087","9,087","9,588","9,588","13,315","13,315","10,984","10,984","13,194","13,194","18,897","18,897","16,421","16,421","121,136","121,136","32,124","32,124","6,356","6,356","2,970","2,970","3,766","3,766","28,421","28,421","14,796","14,796","31,677","31,677","3,081","3,081","8,530","8,530","17,085","17,085","5,348","5,348","10,057","10,057","8,545","8,545","61,327","61,327","8,890","8,890","7,712","7,712"
"            Male","172,767","49.8%","1,753","51.6%","31,174","49.3%","2,179","49.3%","3,562","50.4%","15,730","49.7%","8,791","50.5%","3,098","50.6%","17,355","49.7%","39,046","49.4%","4,473","49.4%","1,036","52.2%","375","48.3%","75,814","49.0%","2,501","50.9%","8,126","50.5%","347","53.5%","4,044","55.6%","1,775","50.8%","10,612","53.0%","4,585","50.5%","5,054","52.7%","6,543","49.1%","5,658","51.5%","6,937","52.6%","9,629","51.0%","8,438","51.4%","59,059","48.8%","16,491","51.3%","3,236","50.9%","1,439","48.5%","1,944","51.6%","14,245","50.1%","7,367","49.8%","15,537","49.0%","1,537","49.9%","4,363","51.1%","8,381","49.1%","2,750","51.4%","5,003","49.7%","4,499","52.7%","29,914","48.8%","4,393","49.4%","3,773","48.9%"
"            Female","174,285","50.2%","1,643","48.4%","32,002","50.7%","2,237","50.7%","3,512","49.6%","15,894","50.3%","8,619","49.5%","3,020","49.4%","17,543","50.3%","39,975","50.6%","4,579","50.6%","950","47.8%","402","51.7%","79,028","51.0%","2,413","49.1%","7,959","49.5%","301","46.5%","3,234","44.4%","1,722","49.2%","9,420","47.0%","4,502","49.5%","4,534","47.3%","6,772","50.9%","5,326","48.5%","6,257","47.4%","9,268","49.0%","7,983","48.6%","62,077","51.2%","15,633","48.7%","3,120","49.1%","1,531","51.5%","1,822","48.4%","14,176","49.9%","7,429","50.2%","16,140","51.0%","1,544","50.1%","4,167","48.9%","8,704","50.9%","2,598","48.6%","5,054","50.3%","4,046","47.3%","31,413","51.2%","4,497","50.6%","3,939","51.1%"
"            Sex ratio (males per 100 females)","99.1","(X)","106.7","(X)","97.4","(X)","97.4","(X)","101.4","(X)","99.0","(X)","102.0","(X)","102.6","(X)","98.9","(X)","97.7","(X)","97.7","(X)","109.1","(X)","93.3","(X)","95.9","(X)","103.6","(X)","102.1","(X)","115.3","(X)","125.0","(X)","103.1","(X)","112.7","(X)","101.8","(X)","111.5","(X)","96.6","(X)","106.2","(X)","110.9","(X)","103.9","(X)","105.7","(X)","95.1","(X)","105.5","(X)","103.7","(X)","94.0","(X)","106.7","(X)","100.5","(X)","99.2","(X)","96.3","(X)","99.5","(X)","104.7","(X)","96.3","(X)","105.9","(X)","99.0","(X)","111.2","(X)","95.2","(X)","97.7","(X)","95.8","(X)"
"        65 years and over","63,734","63,734","1,209","1,209","11,817","11,817","1,235","1,235","2,028","2,028","6,295","6,295","3,977","3,977","1,835","1,835","10,361","10,361","14,935","14,935","2,519","2,519","536","536","197","197","29,229","29,229","1,158","1,158","3,260","3,260","135","135","2,313","2,313","1,368","1,368","3,480","3,480","1,859","1,859","2,214","2,214","3,678","3,678","2,528","2,528","4,407","4,407","3,127","3,127","2,990","2,990","29,082","29,082","5,149","5,149","2,297","2,297","947","947","695","695","2,590","2,590","3,275","3,275","7,880","7,880","841","841","2,074","2,074","4,160","4,160","1,203","1,203","2,816","2,816","1,244","1,244","12,788","12,788","2,949","2,949","2,475","2,475"
"            Male","29,139","45.7%","659","54.5%","5,498","46.5%","593","48.0%","1,041","51.3%","2,997","47.6%","1,978","49.7%","994","54.2%","5,248","50.7%","6,868","46.0%","1,263","50.1%","278","51.9%","87","44.2%","13,420","45.9%","535","46.2%","1,501","46.0%","86","63.7%","1,204","52.1%","705","51.5%","1,736","49.9%","919","49.4%","1,117","50.5%","1,829","49.7%","1,253","49.6%","2,305","52.3%","1,500","48.0%","1,457","48.7%","13,589","46.7%","2,503","48.6%","1,186","51.6%","455","48.0%","351","50.5%","1,193","46.1%","1,559","47.6%","3,594","45.6%","397","47.2%","1,025","49.4%","2,013","48.4%","633","52.6%","1,360","48.3%","658","52.9%","5,817","45.5%","1,378","46.7%","1,222","49.4%"
"            Female","34,595","54.3%","550","45.5%","6,319","53.5%","642","52.0%","987","48.7%","3,298","52.4%","1,999","50.3%","841","45.8%","5,113","49.3%","8,067","54.0%","1,256","49.9%","258","48.1%","110","55.8%","15,809","54.1%","623","53.8%","1,759","54.0%","49","36.3%","1,109","47.9%","663","48.5%","1,744","50.1%","940","50.6%","1,097","49.5%","1,849","50.3%","1,275","50.4%","2,102","47.7%","1,627","52.0%","1,533","51.3%","15,493","53.3%","2,646","51.4%","1,111","48.4%","492","52.0%","344","49.5%","1,397","53.9%","1,716","52.4%","4,286","54.4%","444","52.8%","1,049","50.6%","2,147","51.6%","570","47.4%","1,456","51.7%","586","47.1%","6,971","54.5%","1,571","53.3%","1,253","50.6%"
"            Sex ratio (males per 100 females)","84.2","(X)","119.8","(X)","87.0","(X)","92.4","(X)","105.5","(X)","90.9","(X)","98.9","(X)","118.2","(X)","102.6","(X)","85.1","(X)","100.6","(X)","107.8","(X)","79.1","(X)","84.9","(X)","85.9","(X)","85.3","(X)","175.5","(X)","108.6","(X)","106.3","(X)","99.5","(X)","97.8","(X)","101.8","(X)","98.9","(X)","98.3","(X)","109.7","(X)","92.2","(X)","95.0","(X)","87.7","(X)","94.6","(X)","106.8","(X)","92.5","(X)","102.0","(X)","85.4","(X)","90.9","(X)","83.9","(X)","89.4","(X)","97.7","(X)","93.8","(X)","111.1","(X)","93.4","(X)","112.3","(X)","83.4","(X)","87.7","(X)","97.5","(X)"
"RACE","","","","","","","","","","","","","","","","","","","","","","","","","","","","","","","","","","","","","","","","","","","","","","","","","","","","","","","","","","","","","","","","","","","","","","","","","","","","","","","","","","","","","","","",""
"    Total population","456,849","456,849","4,097","4,097","85,765","85,765","6,000","6,000","9,138","9,138","45,839","45,839","22,373","22,373","7,378","7,378","43,611","43,611","114,392","114,392","11,845","11,845","2,581","2,581","1,048","1,048","217,633","217,633","6,953","6,953","23,690","23,690","913","913","8,673","8,673","4,169","4,169","26,743","26,743","13,464","13,464","13,020","13,020","17,331","17,331","15,148","15,148","16,411","16,411","28,534","28,534","23,730","23,730","157,322","157,322","39,505","39,505","7,847","7,847","3,838","3,838","5,350","5,350","39,100","39,100","20,705","20,705","40,217","40,217","4,385","4,385","11,552","11,552","23,260","23,260","7,671","7,671","12,609","12,609","11,426","11,426","84,869","84,869","10,709","10,709","10,057","10,057"
"        One race","441,452","96.6%","4,017","98.0%","82,995","96.8%","5,934","98.9%","8,889","97.3%","44,264","96.6%","22,014","98.4%","7,166","97.1%","42,545","97.6%","111,245","97.2%","11,658","98.4%","2,581","100.0%","1,045","99.7%","209,214","96.1%","6,790","97.7%","23,368","98.6%","913","100.0%","8,453","97.5%","3,903","93.6%","25,656","95.9%","13,207","98.1%","12,722","97.7%","16,847","97.2%","14,765","97.5%","16,158","98.5%","28,062","98.3%","23,322","98.3%","152,920","97.2%","38,465","97.4%","7,540","96.1%","3,732","97.2%","5,202","97.2%","37,954","97.1%","20,427","98.7%","39,138","97.3%","4,305","98.2%","11,157","96.6%","22,384","96.2%","7,658","99.8%","12,285","97.4%","11,186","97.9%","83,247","98.1%","10,668","99.6%","9,728","96.7%"
"        Two or more races","15,397","3.4%","80","2.0%","2,770","3.2%","66","1.1%","249","2.7%","1,575","3.4%","359","1.6%","212","2.9%","1,066","2.4%","3,147","2.8%","187","1.6%","0","0.0%","3","0.3%","8,419","3.9%","163","2.3%","322","1.4%","0","0.0%","220","2.5%","266","6.4%","1,087","4.1%","257","1.9%","298","2.3%","484","2.8%","383","2.5%","253","1.5%","472","1.7%","408","1.7%","4,402","2.8%","1,040","2.6%","307","3.9%","106","2.8%","148","2.8%","1,146","2.9%","278","1.3%","1,079","2.7%","80","1.8%","395","3.4%","876","3.8%","13","0.2%","324","2.6%","240","2.1%","1,622","1.9%","41","0.4%","329","3.3%"
"        One race","441,452","96.6%","4,017","98.0%","82,995","96.8%","5,934","98.9%","8,889","97.3%","44,264","96.6%","22,014","98.4%","7,166","97.1%","42,545","97.6%","111,245","97.2%","11,658","98.4%","2,581","100.0%","1,045","99.7%","209,214","96.1%","6,790","97.7%","23,368","98.6%","913","100.0%","8,453","97.5%","3,903","93.6%","25,656","95.9%","13,207","98.1%","12,722","97.7%","16,847","97.2%","14,765","97.5%","16,158","98.5%","28,062","98.3%","23,322","98.3%","152,920","97.2%","38,465","97.4%","7,540","96.1%","3,732","97.2%","5,202","97.2%","37,954","97.1%","20,427","98.7%","39,138","97.3%","4,305","98.2%","11,157","96.6%","22,384","96.2%","7,658","99.8%","12,285","97.4%","11,186","97.9%","83,247","98.1%","10,668","99.6%","9,728","96.7%"
"            White","413,350","90.5%","3,911","95.5%","76,327","89.0%","5,659","94.3%","7,916","86.6%","37,701","82.2%","21,206","94.8%","7,016","95.1%","41,441","95.0%","102,331","89.5%","11,145","94.1%","2,567","99.5%","1,045","99.7%","180,081","82.7%","6,636","95.4%","22,067","93.1%","825","90.4%","8,040","92.7%","3,807","91.3%","22,766","85.1%","12,748","94.7%","12,342","94.8%","15,611","90.1%","14,091","93.0%","15,319","93.3%","26,039","91.3%","22,161","93.4%","147,874","94.0%","36,325","92.0%","7,430","94.7%","3,327","86.7%","4,978","93.0%","36,286","92.8%","19,373","93.6%","36,037","89.6%","4,293","97.9%","9,139","79.1%","20,452","87.9%","6,448","84.1%","11,792","93.5%","10,153","88.9%","77,944","91.8%","10,576","98.8%","8,834","87.8%"
"            Black or African American","6,274","1.4%","16","0.4%","603","0.7%","53","0.9%","6","0.1%","143","0.3%","98","0.4%","19","0.3%","127","0.3%","583","0.5%","63","0.5%","4","0.2%","0","0.0%","893","0.4%","0","0.0%","52","0.2%","7","0.8%","46","0.5%","5","0.1%","720","2.7%","35","0.3%","22","0.2%","20","0.1%","13","0.1%","23","0.1%","0","0.0%","41","0.2%","494","0.3%","462","1.2%","3","0.0%","5","0.1%","0","0.0%","65","0.2%","32","0.2%","143","0.4%","5","0.1%","61","0.5%","19","0.1%","6","0.1%","43","0.3%","0","0.0%","689","0.8%","6","0.1%","19","0.2%"
"            American Indian and Alaska Native","2,407","0.5%","72","1.8%","2,536","3.0%","68","1.1%","853","9.3%","2,936","6.4%","159","0.7%","32","0.4%","378","0.9%","512","0.4%","161","1.4%","0","0.0%","0","0.0%","2,257","1.0%","11","0.2%","277","1.2%","42","4.6%","191","2.2%","46","1.1%","555","2.1%","115","0.9%","18","0.1%","240","1.4%","69","0.5%","649","4.0%","350","1.2%","174","0.7%","2,138","1.4%","531","1.3%","40","0.5%","321","8.4%","32","0.6%","57","0.1%","267","1.3%","2,473","6.1%","7","0.2%","372","3.2%","138","0.6%","449","5.9%","393","3.1%","83","0.7%","605","0.7%","22","0.2%","100","1.0%"
"                Cherokee tribal grouping","153","0.0%","0","0.0%","35","0.0%","0","0.0%","22","0.2%","25","0.1%","0","0.0%","5","0.1%","9","0.0%","31","0.0%","0","0.0%","0","0.0%","0","0.0%","255","0.1%","0","0.0%","51","0.2%","31","3.4%","12","0.1%","3","0.1%","13","0.0%","0","0.0%","0","0.0%","23","0.1%","0","0.0%","12","0.1%","0","0.0%","0","0.0%","79","0.1%","43","0.1%","0","0.0%","21","0.5%","14","0.3%","2","0.0%","0","0.0%","79","0.2%","0","0.0%","32","0.3%","0","0.0%","0","0.0%","52","0.4%","0","0.0%","27","0.0%","2","0.0%","10","0.1%"
"                Chippewa tribal grouping","74","0.0%","0","0.0%","0","0.0%","0","0.0%","8","0.1%","28","0.1%","0","0.0%","0","0.0%","52","0.1%","0","0.0%","0","0.0%","0","0.0%","0","0.0%","174","0.1%","0","0.0%","0","0.0%","0","0.0%","0","0.0%","0","0.0%","73","0.3%","0","0.0%","0","0.0%","22","0.1%","0","0.0%","45","0.3%","0","0.0%","24","0.1%","0","0.0%","3","0.0%","0","0.0%","0","0.0%","0","0.0%","0","0.0%","0","0.0%","69","0.2%","0","0.0%","0","0.0%","0","0.0%","0","0.0%","41","0.3%","0","0.0%","6","0.0%","0","0.0%","0","0.0%"
"                Navajo tribal grouping","248","0.1%","5","0.1%","108","0.1%","8","0.1%","0","0.0%","90","0.2%","5","0.0%","0","0.0%","0","0.0%","47","0.0%","2","0.0%","0","0.0%","0","0.0%","100","0.0%","0","0.0%","162","0.7%","0","0.0%","0","0.0%","0","0.0%","46","0.2%","16","0.1%","0","0.0%","0","0.0%","0","0.0%","0","0.0%","40","0.1%","0","0.0%","25","0.0%","0","0.0%","0","0.0%","1","0.0%","10","0.2%","0","0.0%","156","0.8%","4","0.0%","0","0.0%","0","0.0%","0","0.0%","0","0.0%","2","0.0%","0","0.0%","36","0.0%","0","0.0%","0","0.0%"
"                Sioux tribal grouping","76","0.0%","0","0.0%","121","0.1%","44","0.7%","0","0.0%","71","0.2%","0","0.0%","8","0.1%","30","0.1%","17","0.0%","0","0.0%","0","0.0%","0","0.0%","31","0.0%","7","0.1%","4","0.0%","0","0.0%","0","0.0%","2","0.0%","0","0.0%","0","0.0%","0","0.0%","23","0.1%","0","0.0%","0","0.0%","0","0.0%","0","0.0%","61","0.0%","58","0.1%","19","0.2%","0","0.0%","0","0.0%","0","0.0%","0","0.0%","24","0.1%","3","0.1%","18","0.2%","0","0.0%","0","0.0%","21","0.2%","0","0.0%","8","0.0%","0","0.0%","0","0.0%"
"            Asian","11,617","2.5%","0","0.0%","1,688","2.0%","40","0.7%","29","0.3%","263","0.6%","237","1.1%","71","1.0%","298","0.7%","1,169","1.0%","144","1.2%","0","0.0%","0","0.0%","1,846","0.8%","4","0.1%","139","0.6%","0","0.0%","35","0.4%","0","0.0%","705","2.6%","20","0.1%","24","0.2%","98","0.6%","139","0.9%","66","0.4%","127","0.4%","227","1.0%","1,433","0.9%","915","2.3%","0","0.0%","53","1.4%","22","0.4%","610","1.6%","55","0.3%","332","0.8%","0","0.0%","13","0.1%","228","1.0%","0","0.0%","12","0.1%","0","0.0%","1,562","1.8%","29","0.3%","37","0.4%"
"                Asian Indian","1,526","0.3%","0","0.0%","352","0.4%","0","0.0%","0","0.0%","38","0.1%","0","0.0%","0","0.0%","0","0.0%","47","0.0%","35","0.3%","0","0.0%","0","0.0%","242","0.1%","2","0.0%","0","0.0%","0","0.0%","3","0.0%","0","0.0%","26","0.1%","0","0.0%","0","0.0%","0","0.0%","119","0.8%","0","0.0%","0","0.0%","4","0.0%","60","0.0%","105","0.3%","0","0.0%","0","0.0%","0","0.0%","0","0.0%","0","0.0%","1","0.0%","0","0.0%","0","0.0%","30","0.1%","0","0.0%","0","0.0%","0","0.0%","22","0.0%","2","0.0%","0","0.0%"
"                Chinese","3,347","0.7%","0","0.0%","375","0.4%","0","0.0%","23","0.3%","19","0.0%","15","0.1%","0","0.0%","81","0.2%","308","0.3%","51","0.4%","0","0.0%","0","0.0%","669","0.3%","0","0.0%","19","0.1%","0","0.0%","11","0.1%","0","0.0%","311","1.2%","9","0.1%","0","0.0%","10","0.1%","20","0.1%","0","0.0%","39","0.1%","14","0.1%","140","0.1%","474","1.2%","0","0.0%","6","0.2%","0","0.0%","203","0.5%","0","0.0%","97","0.2%","0","0.0%","0","0.0%","5","0.0%","0","0.0%","9","0.1%","0","0.0%","146","0.2%","8","0.1%","0","0.0%"
"                Filipino","1,226","0.3%","0","0.0%","225","0.3%","28","0.5%","0","0.0%","26","0.1%","46","0.2%","62","0.8%","93","0.2%","185","0.2%","45","0.4%","0","0.0%","0","0.0%","262","0.1%","2","0.0%","32","0.1%","0","0.0%","16","0.2%","0","0.0%","241","0.9%","10","0.1%","0","0.0%","36","0.2%","0","0.0%","11","0.1%","7","0.0%","51","0.2%","706","0.4%","50","0.1%","0","0.0%","5","0.1%","2","0.0%","235","0.6%","50","0.2%","173","0.4%","0","0.0%","4","0.0%","115","0.5%","0","0.0%","0","0.0%","0","0.0%","345","0.4%","0","0.0%","13","0.1%"
"                Japanese","1,021","0.2%","0","0.0%","160","0.2%","12","0.2%","3","0.0%","130","0.3%","60","0.3%","9","0.1%","20","0.0%","354","0.3%","0","0.0%","0","0.0%","0","0.0%","304","0.1%","0","0.0%","12","0.1%","0","0.0%","0","0.0%","0","0.0%","41","0.2%","0","0.0%","11","0.1%","25","0.1%","0","0.0%","53","0.3%","81","0.3%","32","0.1%","172","0.1%","41","0.1%","0","0.0%","0","0.0%","12","0.2%","52","0.1%","5","0.0%","12","0.0%","0","0.0%","1","0.0%","78","0.3%","0","0.0%","0","0.0%","0","0.0%","93","0.1%","19","0.2%","24","0.2%"
"                Korean","629","0.1%","0","0.0%","105","0.1%","0","0.0%","0","0.0%","34","0.1%","0","0.0%","0","0.0%","21","0.0%","101","0.1%","0","0.0%","0","0.0%","0","0.0%","61","0.0%","0","0.0%","0","0.0%","0","0.0%","5","0.1%","0","0.0%","41","0.2%","0","0.0%","13","0.1%","0","0.0%","0","0.0%","2","0.0%","0","0.0%","0","0.0%","27","0.0%","170","0.4%","0","0.0%","4","0.1%","0","0.0%","3","0.0%","0","0.0%","15","0.0%","0","0.0%","0","0.0%","0","0.0%","0","0.0%","0","0.0%","0","0.0%","20","0.0%","0","0.0%","0","0.0%"
"                Vietnamese","1,389","0.3%","0","0.0%","105","0.1%","0","0.0%","0","0.0%","0","0.0%","116","0.5%","0","0.0%","11","0.0%","45","0.0%","0","0.0%","0","0.0%","0","0.0%","80","0.0%","0","0.0%","64","0.3%","0","0.0%","0","0.0%","0","0.0%","0","0.0%","1","0.0%","0","0.0%","12","0.1%","0","0.0%","0","0.0%","0","0.0%","36","0.2%","47","0.0%","46","0.1%","0","0.0%","0","0.0%","0","0.0%","0","0.0%","0","0.0%","34","0.1%","0","0.0%","0","0.0%","0","0.0%","0","0.0%","3","0.0%","0","0.0%","0","0.0%","0","0.0%","0","0.0%"
"                Other Asian","2,479","0.5%","0","0.0%","366","0.4%","0","0.0%","3","0.0%","16","0.0%","0","0.0%","0","0.0%","72","0.2%","129","0.1%","13","0.1%","0","0.0%","0","0.0%","228","0.1%","0","0.0%","12","0.1%","0","0.0%","0","0.0%","0","0.0%","45","0.2%","0","0.0%","0","0.0%","15","0.1%","0","0.0%","0","0.0%","0","0.0%","90","0.4%","281","0.2%","29","0.1%","0","0.0%","38","1.0%","8","0.1%","117","0.3%","0","0.0%","0","0.0%","0","0.0%","8","0.1%","0","0.0%","0","0.0%","0","0.0%","0","0.0%","936","1.1%","0","0.0%","0","0.0%"
"            Native Hawaiian and Other Pacific Islander","839","0.2%","8","0.2%","158","0.2%","0","0.0%","71","0.8%","24","0.1%","38","0.2%","5","0.1%","53","0.1%","127","0.1%","65","0.5%","0","0.0%","0","0.0%","598","0.3%","0","0.0%","14","0.1%","0","0.0%","20","0.2%","0","0.0%","107","0.4%","2","0.0%","82","0.6%","0","0.0%","36","0.2%","3","0.0%","14","0.0%","106","0.4%","171","0.1%","20","0.1%","8","0.1%","1","0.0%","0","0.0%","94","0.2%","25","0.1%","5","0.0%","0","0.0%","0","0.0%","13","0.1%","3","0.0%","0","0.0%","0","0.0%","45","0.1%","0","0.0%","0","0.0%"
"                Native Hawaiian","152","0.0%","0","0.0%","45","0.1%","0","0.0%","53","0.6%","4","0.0%","20","0.1%","5","0.1%","0","0.0%","43","0.0%","19","0.2%","0","0.0%","0","0.0%","282","0.1%","0","0.0%","0","0.0%","0","0.0%","0","0.0%","0","0.0%","1","0.0%","2","0.0%","0","0.0%","0","0.0%","13","0.1%","3","0.0%","0","0.0%","0","0.0%","135","0.1%","19","0.0%","0","0.0%","0","0.0%","0","0.0%","41","0.1%","0","0.0%","5","0.0%","0","0.0%","0","0.0%","13","0.1%","3","0.0%","0","0.0%","0","0.0%","11","0.0%","0","0.0%","0","0.0%"
"                Guamanian or Chamorro","249","0.1%","0","0.0%","0","0.0%","0","0.0%","0","0.0%","0","0.0%","18","0.1%","0","0.0%","0","0.0%","0","0.0%","0","0.0%","0","0.0%","0","0.0%","35","0.0%","0","0.0%","0","0.0%","0","0.0%","6","0.1%","0","0.0%","96","0.4%","0","0.0%","0","0.0%","0","0.0%","0","0.0%","0","0.0%","0","0.0%","0","0.0%","21","0.0%","0","0.0%","8","0.1%","0","0.0%","0","0.0%","0","0.0%","0","0.0%","0","0.0%","0","0.0%","0","0.0%","0","0.0%","0","0.0%","0","0.0%","0","0.0%","0","0.0%","0","0.0%","0","0.0%"
"                Samoan","55","0.0%","0","0.0%","77","0.1%","0","0.0%","3","0.0%","17","0.0%","0","0.0%","0","0.0%","0","0.0%","0","0.0%","0","0.0%","0","0.0%","0","0.0%","72","0.0%","0","0.0%","0","0.0%","0","0.0%","0","0.0%","0","0.0%","10","0.0%","0","0.0%","82","0.6%","0","0.0%","0","0.0%","0","0.0%","14","0.0%","20","0.1%","0","0.0%","0","0.0%","0","0.0%","0","0.0%","0","0.0%","31","0.1%","14","0.1%","0","0.0%","0","0.0%","0","0.0%","0","0.0%","0","0.0%","0","0.0%","0","0.0%","0","0.0%","0","0.0%","0","0.0%"
"                Other Pacific Islander","383","0.1%","8","0.2%","36","0.0%","0","0.0%","15","0.2%","3","0.0%","0","0.0%","0","0.0%","53","0.1%","84","0.1%","46","0.4%","0","0.0%","0","0.0%","209","0.1%","0","0.0%","14","0.1%","0","0.0%","14","0.2%","0","0.0%","0","0.0%","0","0.0%","0","0.0%","0","0.0%","23","0.2%","0","0.0%","0","0.0%","86","0.4%","15","0.0%","1","0.0%","0","0.0%","1","0.0%","0","0.0%","22","0.1%","11","0.1%","0","0.0%","0","0.0%","0","0.0%","0","0.0%","0","0.0%","0","0.0%","0","0.0%","34","0.0%","0","0.0%","0","0.0%"
"            Some other race","6,965","1.5%","10","0.2%","1,683","2.0%","114","1.9%","14","0.2%","3,197","7.0%","276","1.2%","23","0.3%","248","0.6%","6,523","5.7%","80","0.7%","10","0.4%","0","0.0%","23,539","10.8%","139","2.0%","819","3.5%","39","4.3%","121","1.4%","45","1.1%","803","3.0%","287","2.1%","234","1.8%","878","5.1%","417","2.8%","98","0.6%","1,532","5.4%","613","2.6%","810","0.5%","212","0.5%","59","0.8%","25","0.7%","170","3.2%","842","2.2%","675","3.3%","148","0.4%","0","0.0%","1,572","13.6%","1,534","6.6%","752","9.8%","45","0.4%","950","8.3%","2,402","2.8%","35","0.3%","738","7.3%"
"        Two or more races","15,397","3.4%","80","2.0%","2,770","3.2%","66","1.1%","249","2.7%","1,575","3.4%","359","1.6%","212","2.9%","1,066","2.4%","3,147","2.8%","187","1.6%","0","0.0%","3","0.3%","8,419","3.9%","163","2.3%","322","1.4%","0","0.0%","220","2.5%","266","6.4%","1,087","4.1%","257","1.9%","298","2.3%","484","2.8%","383","2.5%","253","1.5%","472","1.7%","408","1.7%","4,402","2.8%","1,040","2.6%","307","3.9%","106","2.8%","148","2.8%","1,146","2.9%","278","1.3%","1,079","2.7%","80","1.8%","395","3.4%","876","3.8%","13","0.2%","324","2.6%","240","2.1%","1,622","1.9%","41","0.4%","329","3.3%"
"            White and Black or African American","2,354","0.5%","25","0.6%","467","0.5%","18","0.3%","42","0.5%","35","0.1%","32","0.1%","43","0.6%","85","0.2%","544","0.5%","0","0.0%","0","0.0%","0","0.0%","1,079","0.5%","7","0.1%","3","0.0%","0","0.0%","4","0.0%","0","0.0%","202","0.8%","50","0.4%","29","0.2%","62","0.4%","0","0.0%","1","0.0%","44","0.2%","123","0.5%","610","0.4%","125","0.3%","0","0.0%","0","0.0%","0","0.0%","49","0.1%","5","0.0%","152","0.4%","10","0.2%","21","0.2%","41","0.2%","0","0.0%","9","0.1%","0","0.0%","123","0.1%","4","0.0%","64","0.6%"
"            White and American Indian and Alaska Native","4,013","0.9%","55","1.3%","1,025","1.2%","6","0.1%","170","1.9%","569","1.2%","68","0.3%","135","1.8%","439","1.0%","1,009","0.9%","144","1.2%","0","0.0%","3","0.3%","2,246","1.0%","36","0.5%","154","0.7%","0","0.0%","116","1.3%","201","4.8%","183","0.7%","85","0.6%","87","0.7%","181","1.0%","141","0.9%","168","1.0%","65","0.2%","222","0.9%","1,426","0.9%","247","0.6%","123","1.6%","52","1.4%","50","0.9%","155","0.4%","175","0.8%","459","1.1%","43","1.0%","142","1.2%","375","1.6%","5","0.1%","179","1.4%","76","0.7%","747","0.9%","1","0.0%","154","1.5%"
"            White and Asian","5,854","1.3%","0","0.0%","356","0.4%","0","0.0%","0","0.0%","230","0.5%","46","0.2%","18","0.2%","224","0.5%","731","0.6%","26","0.2%","0","0.0%","0","0.0%","1,334","0.6%","36","0.5%","79","0.3%","0","0.0%","43","0.5%","0","0.0%","344","1.3%","86","0.6%","82","0.6%","130","0.8%","101","0.7%","28","0.2%","147","0.5%","30","0.1%","825","0.5%","478","1.2%","40","0.5%","20","0.5%","48","0.9%","251","0.6%","20","0.1%","265","0.7%","0","0.0%","16","0.1%","139","0.6%","0","0.0%","34","0.3%","12","0.1%","322","0.4%","27","0.3%","11","0.1%"
"            Black or African American and American Indian and Alaska Native","23","0.0%","0","0.0%","17","0.0%","0","0.0%","10","0.1%","0","0.0%","0","0.0%","9","0.1%","2","0.0%","0","0.0%","0","0.0%","0","0.0%","0","0.0%","50","0.0%","0","0.0%","0","0.0%","0","0.0%","0","0.0%","0","0.0%","18","0.1%","0","0.0%","0","0.0%","0","0.0%","0","0.0%","0","0.0%","0","0.0%","0","0.0%","0","0.0%","0","0.0%","2","0.0%","3","0.1%","0","0.0%","0","0.0%","0","0.0%","30","0.1%","0","0.0%","0","0.0%","24","0.1%","0","0.0%","0","0.0%","0","0.0%","0","0.0%","3","0.0%","0","0.0%"
"Race alone or in combination with one or more other races","","","","","","","","","","","","","","","","","","","","","","","","","","","","","","","","","","","","","","","","","","","","","","","","","","","","","","","","","","","","","","","","","","","","","","","","","","","","","","","","","","","","","","","",""
"    Total population","456,849","456,849","4,097","4,097","85,765","85,765","6,000","6,000","9,138","9,138","45,839","45,839","22,373","22,373","7,378","7,378","43,611","43,611","114,392","114,392","11,845","11,845","2,581","2,581","1,048","1,048","217,633","217,633","6,953","6,953","23,690","23,690","913","913","8,673","8,673","4,169","4,169","26,743","26,743","13,464","13,464","13,020","13,020","17,331","17,331","15,148","15,148","16,411","16,411","28,534","28,534","23,730","23,730","157,322","157,322","39,505","39,505","7,847","7,847","3,838","3,838","5,350","5,350","39,100","39,100","20,705","20,705","40,217","40,217","4,385","4,385","11,552","11,552","23,260","23,260","7,671","7,671","12,609","12,609","11,426","11,426","84,869","84,869","10,709","10,709","10,057","10,057"
"        White","428,062","93.7%","3,991","97.4%","79,050","92.2%","5,717","95.3%","8,152","89.2%","39,153","85.4%","21,558","96.4%","7,212","97.8%","42,394","97.2%","105,411","92.1%","11,332","95.7%","2,567","99.5%","1,048","100.0%","187,621","86.2%","6,799","97.8%","22,389","94.5%","825","90.4%","8,248","95.1%","4,066","97.5%","23,742","88.8%","13,003","96.6%","12,604","96.8%","16,086","92.8%","14,469","95.5%","15,538","94.7%","26,511","92.9%","22,561","95.1%","151,967","96.6%","37,347","94.5%","7,735","98.6%","3,411","88.9%","5,126","95.8%","37,323","95.5%","19,651","94.9%","37,046","92.1%","4,373","99.7%","9,510","82.3%","21,280","91.5%","6,461","84.2%","12,086","95.9%","10,393","91.0%","79,501","93.7%","10,614","99.1%","9,163","91.1%"
"        Black or African American","9,170","2.0%","41","1.0%","1,230","1.4%","71","1.2%","71","0.8%","184","0.4%","135","0.6%","71","1.0%","281","0.6%","1,162","1.0%","63","0.5%","4","0.2%","0","0.0%","2,417","1.1%","7","0.1%","55","0.2%","7","0.8%","53","0.6%","5","0.1%","1,123","4.2%","85","0.6%","96","0.7%","82","0.5%","23","0.2%","33","0.2%","44","0.2%","171","0.7%","1,352","0.9%","617","1.6%","25","0.3%","8","0.2%","2","0.0%","132","0.3%","37","0.2%","344","0.9%","15","0.3%","99","0.9%","84","0.4%","6","0.1%","52","0.4%","73","0.6%","825","1.0%","13","0.1%","85","0.8%"
"        American Indian and Alaska Native","7,161","1.6%","127","3.1%","3,800","4.4%","76","1.3%","1,049","11.5%","3,598","7.8%","232","1.0%","176","2.4%","946","2.2%","1,657","1.4%","305","2.6%","0","0.0%","3","0.3%","5,128","2.4%","114","1.6%","476","2.0%","42","4.6%","336","3.9%","247","5.9%","869","3.2%","200","1.5%","121","0.9%","421","2.4%","215","1.4%","825","5.0%","415","1.5%","396","1.7%","3,855","2.5%","788","2.0%","185","2.4%","396","10.3%","84","1.6%","274","0.7%","442","2.1%","3,003","7.5%","50","1.1%","555","4.8%","614","2.6%","454","5.9%","585","4.6%","232","2.0%","1,395","1.6%","26","0.2%","256","2.5%"
"        Asian","18,660","4.1%","0","0.0%","2,120","2.5%","46","0.8%","32","0.4%","699","1.5%","290","1.3%","96","1.3%","626","1.4%","2,021","1.8%","170","1.4%","0","0.0%","0","0.0%","3,915","1.8%","40","0.6%","263","1.1%","0","0.0%","116","1.3%","27","0.6%","1,187","4.4%","112","0.8%","115","0.9%","263","1.5%","245","1.6%","136","0.8%","274","1.0%","265","1.1%","2,841","1.8%","1,461","3.7%","40","0.5%","75","2.0%","70","1.3%","1,112","2.8%","75","0.4%","633","1.6%","0","0.0%","53","0.5%","459","2.0%","0","0.0%","100","0.8%","85","0.7%","1,919","2.3%","56","0.5%","48","0.5%"
"        Native Hawaiian and Other Pacific Islander","2,025","0.4%","8","0.2%","388","0.5%","0","0.0%","82","0.9%","432","0.9%","45","0.2%","5","0.1%","160","0.4%","298","0.3%","82","0.7%","0","0.0%","0","0.0%","1,238","0.6%","84","1.2%","25","0.1%","0","0.0%","28","0.3%","27","0.6%","195","0.7%","20","0.1%","104","0.8%","50","0.3%","36","0.2%","3","0.0%","67","0.2%","107","0.5%","822","0.5%","131","0.3%","72","0.9%","3","0.1%","22","0.4%","575","1.5%","25","0.1%","56","0.1%","27","0.6%","19","0.2%","37","0.2%","11","0.1%","54","0.4%","73","0.6%","277","0.3%","6","0.1%","0","0.0%"
"        Some other race","8,139","1.8%","10","0.2%","2,208","2.6%","156","2.6%","14","0.2%","3,639","7.9%","477","2.1%","30","0.4%","381","0.9%","7,174","6.3%","80","0.7%","10","0.4%","0","0.0%","26,334","12.1%","139","2.0%","860","3.6%","39","4.3%","141","1.6%","83","2.0%","887","3.3%","305","2.3%","296","2.3%","939","5.4%","553","3.7%","137","0.8%","1,695","5.9%","638","2.7%","1,441","0.9%","265","0.7%","117","1.5%","54","1.4%","196","3.7%","1,049","2.7%","753","3.6%","245","0.6%","0","0.0%","1,728","15.0%","1,739","7.5%","752","9.8%","93","0.7%","1,049","9.2%","2,610","3.1%","35","0.3%","836","8.3%"
"HISPANIC OR LATINO AND RACE","","","","","","","","","","","","","","","","","","","","","","","","","","","","","","","","","","","","","","","","","","","","","","","","","","","","","","","","","","","","","","","","","","","","","","","","","","","","","","","","","","","","","","","",""
"    Total population","456,849","456,849","4,097","4,097","85,765","85,765","6,000","6,000","9,138","9,138","45,839","45,839","22,373","22,373","7,378","7,378","43,611","43,611","114,392","114,392","11,845","11,845","2,581","2,581","1,048","1,048","217,633","217,633","6,953","6,953","23,690","23,690","913","913","8,673","8,673","4,169","4,169","26,743","26,743","13,464","13,464","13,020","13,020","17,331","17,331","15,148","15,148","16,411","16,411","28,534","28,534","23,730","23,730","157,322","157,322","39,505","39,505","7,847","7,847","3,838","3,838","5,350","5,350","39,100","39,100","20,705","20,705","40,217","40,217","4,385","4,385","11,552","11,552","23,260","23,260","7,671","7,671","12,609","12,609","11,426","11,426","84,869","84,869","10,709","10,709","10,057","10,057"
"        Hispanic or Latino (of any race)","37,469","8.2%","147","3.6%","7,381","8.6%","257","4.3%","332","3.6%","8,247","18.0%","5,062","22.6%","338","4.6%","1,354","3.1%","14,916","13.0%","590","5.0%","132","5.1%","17","1.6%","55,034","25.3%","405","5.8%","6,446","27.2%","443","48.5%","367","4.2%","175","4.2%","4,564","17.1%","909","6.8%","1,629","12.5%","1,451","8.4%","4,403","29.1%","558","3.4%","3,004","10.5%","8,565","36.1%","7,270","4.6%","1,726","4.4%","268","3.4%","175","4.6%","1,644","30.7%","2,964","7.6%","7,302","35.3%","1,579","3.9%","197","4.5%","3,031","26.2%","4,034","17.3%","2,616","34.1%","449","3.6%","1,928","16.9%","13,890","16.4%","495","4.6%","1,713","17.0%"
"            Mexican","29,331","6.4%","70","1.7%","5,981","7.0%","197","3.3%","287","3.1%","7,104","15.5%","4,515","20.2%","151","2.0%","834","1.9%","13,201","11.5%","335","2.8%","122","4.7%","17","1.6%","48,893","22.5%","307","4.4%","5,993","25.3%","351","38.4%","245","2.8%","173","4.1%","3,469","13.0%","650","4.8%","1,451","11.1%","1,348","7.8%","4,277","28.2%","409","2.5%","2,751","9.6%","6,908","29.1%","5,676","3.6%","1,250","3.2%","196","2.5%","153","4.0%","1,528","28.6%","1,932","4.9%","6,948","33.6%","1,235","3.1%","197","4.5%","2,858","24.7%","3,823","16.4%","2,586","33.7%","353","2.8%","1,826","16.0%","12,865","15.2%","495","4.6%","1,697","16.9%"
"            Puerto Rican","1,179","0.3%","0","0.0%","243","0.3%","7","0.1%","14","0.2%","5","0.0%","31","0.1%","0","0.0%","92","0.2%","140","0.1%","39","0.3%","0","0.0%","0","0.0%","1,206","0.6%","0","0.0%","16","0.1%","0","0.0%","17","0.2%","0","0.0%","555","2.1%","0","0.0%","13","0.1%","61","0.4%","0","0.0%","39","0.2%","5","0.0%","255","1.1%","396","0.3%","33","0.1%","47","0.6%","0","0.0%","16","0.3%","112","0.3%","0","0.0%","126","0.3%","0","0.0%","14","0.1%","0","0.0%","1","0.0%","6","0.0%","6","0.1%","119","0.1%","0","0.0%","0","0.0%"
"            Cuban","270","0.1%","8","0.2%","164","0.2%","0","0.0%","0","0.0%","0","0.0%","0","0.0%","0","0.0%","70","0.2%","53","0.0%","51","0.4%","0","0.0%","0","0.0%","525","0.2%","0","0.0%","6","0.0%","0","0.0%","0","0.0%","0","0.0%","0","0.0%","0","0.0%","0","0.0%","26","0.2%","0","0.0%","16","0.1%","0","0.0%","0","0.0%","78","0.0%","16","0.0%","0","0.0%","0","0.0%","3","0.1%","27","0.1%","0","0.0%","29","0.1%","0","0.0%","0","0.0%","0","0.0%","0","0.0%","0","0.0%","0","0.0%","0","0.0%","0","0.0%","0","0.0%"
"            Other Hispanic or Latino","6,689","1.5%","69","1.7%","993","1.2%","53","0.9%","31","0.3%","1,138","2.5%","516","2.3%","187","2.5%","358","0.8%","1,522","1.3%","165","1.4%","10","0.4%","0","0.0%","4,410","2.0%","98","1.4%","431","1.8%","92","10.1%","105","1.2%","2","0.0%","540","2.0%","259","1.9%","165","1.3%","16","0.1%","126","0.8%","94","0.6%","248","0.9%","1,402","5.9%","1,120","0.7%","427","1.1%","25","0.3%","22","0.6%","97","1.8%","893","2.3%","354","1.7%","189","0.5%","0","0.0%","159","1.4%","211","0.9%","29","0.4%","90","0.7%","96","0.8%","906","1.1%","0","0.0%","16","0.2%"
"        Not Hispanic or Latino","419,380","91.8%","3,950","96.4%","78,384","91.4%","5,743","95.7%","8,806","96.4%","37,592","82.0%","17,311","77.4%","7,040","95.4%","42,257","96.9%","99,476","87.0%","11,255","95.0%","2,449","94.9%","1,031","98.4%","162,599","74.7%","6,548","94.2%","17,244","72.8%","470","51.5%","8,306","95.8%","3,994","95.8%","22,179","82.9%","12,555","93.2%","11,391","87.5%","15,880","91.6%","10,745","70.9%","15,853","96.6%","25,530","89.5%","15,165","63.9%","150,052","95.4%","37,779","95.6%","7,579","96.6%","3,663","95.4%","3,706","69.3%","36,136","92.4%","13,403","64.7%","38,638","96.1%","4,188","95.5%","8,521","73.8%","19,226","82.7%","5,055","65.9%","12,160","96.4%","9,498","83.1%","70,979","83.6%","10,214","95.4%","8,344","83.0%"
"            White alone","386,787","84.7%","3,774","92.1%","71,764","83.7%","5,575","92.9%","7,734","84.6%","33,799","73.7%","16,696","74.6%","6,709","90.9%","40,594","93.1%","94,977","83.0%","10,702","90.4%","2,445","94.7%","1,028","98.1%","153,011","70.3%","6,377","91.7%","16,546","69.8%","421","46.1%","7,827","90.2%","3,719","89.2%","19,426","72.6%","12,263","91.1%","11,047","84.8%","15,207","87.7%","10,279","67.9%","14,927","91.0%","24,750","86.7%","14,593","61.5%","142,577","90.6%","35,040","88.7%","7,320","93.3%","3,217","83.8%","3,538","66.1%","34,525","88.3%","12,839","62.0%","34,974","87.0%","4,096","93.4%","7,913","68.5%","18,241","78.4%","4,704","61.3%","11,500","91.2%","9,274","81.2%","67,080","79.0%","10,130","94.6%","7,938","78.9%"
"            Black or African American alone","5,868","1.3%","16","0.4%","595","0.7%","53","0.9%","6","0.1%","130","0.3%","98","0.4%","19","0.3%","98","0.2%","508","0.4%","63","0.5%","4","0.2%","0","0.0%","887","0.4%","0","0.0%","52","0.2%","7","0.8%","46","0.5%","5","0.1%","695","2.6%","35","0.3%","20","0.2%","20","0.1%","13","0.1%","23","0.1%","0","0.0%","36","0.2%","465","0.3%","458","1.2%","3","0.0%","5","0.1%","0","0.0%","65","0.2%","32","0.2%","143","0.4%","5","0.1%","61","0.5%","19","0.1%","6","0.1%","43","0.3%","0","0.0%","689","0.8%","6","0.1%","19","0.2%"
"            American Indian and Alaska Native alone","1,769","0.4%","72","1.8%","2,185","2.5%","24","0.4%","728","8.0%","2,350","5.1%","159","0.7%","32","0.4%","378","0.9%","411","0.4%","158","1.3%","0","0.0%","0","0.0%","1,311","0.6%","4","0.1%","257","1.1%","42","4.6%","191","2.2%","42","1.0%","363","1.4%","73","0.5%","10","0.1%","193","1.1%","47","0.3%","611","3.7%","346","1.2%","67","0.3%","1,961","1.2%","409","1.0%","21","0.3%","297","7.7%","32","0.6%","53","0.1%","255","1.2%","2,350","5.8%","7","0.2%","318","2.8%","138","0.6%","329","4.3%","377","3.0%","83","0.7%","452","0.5%","22","0.2%","100","1.0%"
"            Asian alone","11,298","2.5%","0","0.0%","1,500","1.7%","40","0.7%","29","0.3%","263","0.6%","191","0.9%","71","1.0%","298","0.7%","1,040","0.9%","105","0.9%","0","0.0%","0","0.0%","1,787","0.8%","4","0.1%","139","0.6%","0","0.0%","35","0.4%","0","0.0%","695","2.6%","20","0.1%","24","0.2%","98","0.6%","139","0.9%","66","0.4%","127","0.4%","101","0.4%","1,317","0.8%","894","2.3%","0","0.0%","53","1.4%","22","0.4%","610","1.6%","55","0.3%","308","0.8%","0","0.0%","13","0.1%","199","0.9%","0","0.0%","9","0.1%","0","0.0%","1,448","1.7%","26","0.2%","37","0.4%"
"            Native Hawaiian and Other Pacific Islander alone","625","0.1%","8","0.2%","134","0.2%","0","0.0%","71","0.8%","24","0.1%","20","0.1%","0","0.0%","53","0.1%","127","0.1%","65","0.5%","0","0.0%","0","0.0%","536","0.2%","0","0.0%","4","0.0%","0","0.0%","20","0.2%","0","0.0%","96","0.4%","2","0.0%","82","0.6%","0","0.0%","34","0.2%","3","0.0%","14","0.0%","106","0.4%","159","0.1%","20","0.1%","8","0.1%","1","0.0%","0","0.0%","63","0.2%","0","0.0%","5","0.0%","0","0.0%","0","0.0%","13","0.1%","3","0.0%","0","0.0%","0","0.0%","45","0.1%","0","0.0%","0","0.0%"
"            Some other race alone","595","0.1%","0","0.0%","145","0.2%","27","0.5%","3","0.0%","45","0.1%","0","0.0%","0","0.0%","13","0.0%","58","0.1%","0","0.0%","0","0.0%","0","0.0%","260","0.1%","0","0.0%","13","0.1%","0","0.0%","0","0.0%","0","0.0%","29","0.1%","6","0.0%","13","0.1%","0","0.0%","0","0.0%","0","0.0%","0","0.0%","3","0.0%","64","0.0%","27","0.1%","0","0.0%","15","0.4%","0","0.0%","85","0.2%","0","0.0%","16","0.0%","0","0.0%","0","0.0%","0","0.0%","0","0.0%","2","0.0%","0","0.0%","0","0.0%","0","0.0%","0","0.0%"
"            Two or more races","12,438","2.7%","80","2.0%","2,061","2.4%","24","0.4%","235","2.6%","981","2.1%","147","0.7%","209","2.8%","823","1.9%","2,355","2.1%","162","1.4%","0","0.0%","3","0.3%","4,807","2.2%","163","2.3%","233","1.0%","0","0.0%","187","2.2%","228","5.5%","875","3.3%","156","1.2%","195","1.5%","362","2.1%","233","1.5%","223","1.4%","293","1.0%","259","1.1%","3,509","2.2%","931","2.4%","227","2.9%","75","2.0%","114","2.1%","735","1.9%","222","1.1%","842","2.1%","80","1.8%","216","1.9%","616","2.6%","13","0.2%","229","1.8%","141","1.2%","1,265","1.5%","30","0.3%","250","2.5%"
"                Two races including Some other race","248","0.1%","0","0.0%","90","0.1%","0","0.0%","0","0.0%","5","0.0%","9","0.0%","7","0.1%","0","0.0%","44","0.0%","0","0.0%","0","0.0%","0","0.0%","126","0.1%","0","0.0%","0","0.0%","0","0.0%","0","0.0%","0","0.0%","9","0.0%","0","0.0%","0","0.0%","0","0.0%","0","0.0%","22","0.1%","0","0.0%","0","0.0%","98","0.1%","20","0.1%","0","0.0%","0","0.0%","0","0.0%","17","0.0%","24","0.1%","0","0.0%","0","0.0%","0","0.0%","0","0.0%","0","0.0%","3","0.0%","0","0.0%","16","0.0%","0","0.0%","19","0.2%"
"                Two races excluding Some other race, and Three or more races","12,190","2.7%","80","2.0%","1,971","2.3%","24","0.4%","235","2.6%","976","2.1%","138","0.6%","202","2.7%","823","1.9%","2,311","2.0%","162","1.4%","0","0.0%","3","0.3%","4,681","2.2%","163","2.3%","233","1.0%","0","0.0%","187","2.2%","228","5.5%","866","3.2%","156","1.2%","195","1.5%","362","2.1%","233","1.5%","201","1.2%","293","1.0%","259","1.1%","3,411","2.2%","911","2.3%","227","2.9%","75","2.0%","114","2.1%","718","1.8%","198","1.0%","842","2.1%","80","1.8%","216","1.9%","616","2.6%","13","0.2%","226","1.8%","141","1.2%","1,249","1.5%","30","0.3%","231","2.3%"
"Total housing units","181,533","(X)","2,690","(X)","34,279","(X)","4,118","(X)","4,733","(X)","16,745","(X)","15,442","(X)","5,554","(X)","25,121","(X)","42,925","(X)","5,474","(X)","1,288","(X)","803","(X)","76,247","(X)","3,291","(X)","8,747","(X)","562","(X)","4,625","(X)","3,277","(X)","12,489","(X)","4,837","(X)","8,983","(X)","7,349","(X)","6,231","(X)","8,772","(X)","9,369","(X)","8,531","(X)","70,892","(X)","16,960","(X)","4,877","(X)","1,948","(X)","2,001","(X)","14,227","(X)","8,201","(X)","17,829","(X)","1,999","(X)","4,914","(X)","9,454","(X)","3,017","(X)","7,129","(X)","5,833","(X)","33,282","(X)","12,373","(X)","4,643","(X)"
"CITIZEN, VOTING AGE POPULATION","","","","","","","","","","","","","","","","","","","","","","","","","","","","","","","","","","","","","","","","","","","","","","","","","","","","","","","","","","","","","","","","","","","","","","","","","","","","","","","","","","","","","","","",""
"    Citizen, 18 and over population","335,552","335,552","3,374","3,374","61,102","61,102","4,365","4,365","7,035","7,035","30,330","30,330","15,193","15,193","6,020","6,020","34,467","34,467","76,019","76,019","8,827","8,827","1,979","1,979","763","763","144,933","144,933","4,792","4,792","14,224","14,224","389","389","7,202","7,202","3,479","3,479","18,705","18,705","8,870","8,870","9,010","9,010","12,918","12,918","9,530","9,530","13,131","13,131","18,069","18,069","13,347","13,347","119,622","119,622","30,572","30,572","6,255","6,255","2,934","2,934","3,145","3,145","27,364","27,364","12,900","12,900","31,513","31,513","2,987","2,987","7,744","7,744","15,986","15,986","4,586","4,586","9,984","9,984","7,942","7,942","57,012","57,012","8,869","8,869","7,270","7,270"
"        Male","166,823","49.7%","1,744","51.7%","29,927","49.0%","2,161","49.5%","3,550","50.5%","15,003","49.5%","7,663","50.4%","3,071","51.0%","17,190","49.9%","37,363","49.1%","4,380","49.6%","1,031","52.1%","366","48.0%","70,737","48.8%","2,416","50.4%","6,992","49.2%","226","58.1%","4,007","55.6%","1,768","50.8%","9,914","53.0%","4,458","50.3%","4,775","53.0%","6,365","49.3%","4,767","50.0%","6,893","52.5%","9,192","50.9%","6,595","49.4%","58,459","48.9%","15,460","50.6%","3,224","51.5%","1,422","48.5%","1,570","49.9%","13,722","50.1%","6,311","48.9%","15,441","49.0%","1,501","50.3%","3,912","50.5%","7,718","48.3%","2,310","50.4%","4,966","49.7%","4,082","51.4%","27,878","48.9%","4,372","49.3%","3,522","48.4%"
"        Female","168,729","50.3%","1,630","48.3%","31,175","51.0%","2,204","50.5%","3,485","49.5%","15,327","50.5%","7,530","49.6%","2,949","49.0%","17,277","50.1%","38,656","50.9%","4,447","50.4%","948","47.9%","397","52.0%","74,196","51.2%","2,376","49.6%","7,232","50.8%","163","41.9%","3,195","44.4%","1,711","49.2%","8,791","47.0%","4,412","49.7%","4,235","47.0%","6,553","50.7%","4,763","50.0%","6,238","47.5%","8,877","49.1%","6,752","50.6%","61,163","51.1%","15,112","49.4%","3,031","48.5%","1,512","51.5%","1,575","50.1%","13,642","49.9%","6,589","51.1%","16,072","51.0%","1,486","49.7%","3,832","49.5%","8,268","51.7%","2,276","49.6%","5,018","50.3%","3,860","48.6%","29,134","51.1%","4,497","50.7%","3,748","51.6%"