"Label","Ada County, Idaho!!Estimate","Ada County, Idaho!!Percent","Bannock County, Idaho!!Estimate","Bannock County, Idaho!!Percent","Bonneville County, Idaho!!Estimate","Bonneville County, Idaho!!Percent","Canyon County, Idaho!!Estimate","Canyon County, Idaho!!Percent","Kootenai County, Idaho!!Estimate","Kootenai County, Idaho!!Percent","Twin Falls County, Idaho!!Estimate","Twin Falls County, Idaho!!Percent","Androscoggin County, Maine!!Estimate","Androscoggin County, Maine!!Percent","Aroostook County, Maine!!Estimate","Aroostook County, Maine!!Percent","Cumberland County, Maine!!Estimate","Cumberland County, Maine!!Percent","Kennebec County, Maine!!Estimate","Kennebec County, Maine!!Percent","Penobscot County, Maine!!Estimate","Penobscot County, Maine!!Percent","York County, Maine!!Estimate","York County, Maine!!Percent","Cascade County, Montana!!Estimate","Cascade County, Montana!!Percent","Flathead County, Montana!!Estimate","Flathead County, Montana!!Percent","Gallatin County, Montana!!Estimate","Gallatin County, Montana!!Percent","Lewis and Clark County, Montana!!Estimate","Lewis and Clark County, Montana!!Percent","Missoula County, Montana!!Estimate","Missoula County, Montana!!Percent","Yellowstone County, Montana!!Estimate","Yellowstone County, Montana!!Percent","Douglas County, Nebraska!!Estimate","Douglas County, Nebraska!!Percent","Lancaster County, Nebraska!!Estimate","Lancaster County, Nebraska!!Percent","Sarpy County, Nebraska!!Estimate","Sarpy County, Nebraska!!Percent","Canadian County, Oklahoma!!Estimate","Canadian County, Oklahoma!!Percent","Cleveland County, Oklahoma!!Estimate","Cleveland County, Oklahoma!!Percent","Comanche County, Oklahoma!!Estimate","Comanche County, Oklahoma!!Percent","Creek County, Oklahoma!!Estimate","Creek County, Oklahoma!!Percent","Muskogee County, Oklahoma!!Estimate","Muskogee County, Oklahoma!!Percent","Oklahoma County, Oklahoma!!Estimate","Oklahoma County, Oklahoma!!Percent","Payne County, Oklahoma!!Estimate","Payne County, Oklahoma!!Percent","Pottawatomie County, Oklahoma!!Estimate","Pottawatomie County, Oklahoma!!Percent","Rogers County, Oklahoma!!Estimate","Rogers County, Oklahoma!!Percent","Tulsa County, Oklahoma!!Estimate","Tulsa County, Oklahoma!!Percent","Wagoner County, Oklahoma!!Estimate","Wagoner County, Oklahoma!!Percent","Cache County, Utah!!Estimate","Cache County, Utah!!Percent","Davis County, Utah!!Estimate","Davis County, Utah!!Percent","Salt Lake County, Utah!!Estimate","Salt Lake County, Utah!!Percent","Tooele County, Utah!!Estimate","Tooele County, Utah!!Percent","Utah County, Utah!!Estimate","Utah County, Utah!!Percent","Washington County, Utah!!Estimate","Washington County, Utah!!Percent","Weber County, Utah!!Estimate","Weber County, Utah!!Percent"
"SEX AND AGE","","","","","","","","","","","","","","","","","","","","","","","","","","","","","","","","","","","","","","","","","","","","","","","","","","","","","","","","","","","","","","","","","","","","","","","","","","","","","",""
"    Total population","481,587","481,587","87,808","87,808","119,062","119,062","229,849","229,849","165,697","165,697","86,878","86,878","108,277","108,277","67,055","67,055","295,003","295,003","122,302","122,302","152,148","152,148","207,641","207,641","81,366","81,366","103,806","103,806","114,434","114,434","69,432","69,432","119,600","119,600","161,300","161,300","571,327","571,327","319,090","319,090","187,196","187,196","148,306","148,306","284,014","284,014","120,749","120,749","71,522","71,522","67,997","67,997","797,434","797,434","81,784","81,784","72,592","72,592","92,459","92,459","651,552","651,552","81,289","81,289","128,289","128,289","355,481","355,481","1,160,437","1,160,437","72,259","72,259","636,235","636,235","177,556","177,556","260,213","260,213"
"        Male","242,121","50.3%","45,003","51.3%","60,368","50.7%","114,534","49.8%","82,636","49.9%","42,092","48.4%","53,212","49.1%","33,497","50.0%","142,222","48.2%","58,709","48.0%","75,555","49.7%","100,588","48.4%","41,114","50.5%","52,226","50.3%","60,133","52.5%","34,291","49.4%","58,635","49.0%","79,945","49.6%","281,580","49.3%","160,279","50.2%","93,546","50.0%","73,391","49.5%","142,100","50.0%","63,713","52.8%","35,216","49.2%","33,469","49.2%","390,430","49.0%","40,802","49.9%","35,056","48.3%","45,991","49.7%","318,039","48.8%","40,503","49.8%","63,648","49.6%","179,258","50.4%","581,062","50.1%","36,554","50.6%","321,218","50.5%","87,968","49.5%","130,851","50.3%"
"        Female","239,466","49.7%","42,805","48.7%","58,694","49.3%","115,315","50.2%","83,061","50.1%","44,786","51.6%","55,065","50.9%","33,558","50.0%","152,781","51.8%","63,593","52.0%","76,593","50.3%","107,053","51.6%","40,252","49.5%","51,580","49.7%","54,301","47.5%","35,141","50.6%","60,965","51.0%","81,355","50.4%","289,747","50.7%","158,811","49.8%","93,650","50.0%","74,915","50.5%","141,914","50.0%","57,036","47.2%","36,306","50.8%","34,528","50.8%","407,004","51.0%","40,982","50.1%","37,536","51.7%","46,468","50.3%","333,513","51.2%","40,786","50.2%","64,641","50.4%","176,223","49.6%","579,375","49.9%","35,705","49.4%","315,017","49.5%","89,588","50.5%","129,362","49.7%"
"        Sex ratio (males per 100 females)","101.1","(X)","105.1","(X)","102.9","(X)","99.3","(X)","99.5","(X)","94.0","(X)","96.6","(X)","99.8","(X)","93.1","(X)","92.3","(X)","98.6","(X)","94.0","(X)","102.1","(X)","101.3","(X)","110.7","(X)","97.6","(X)","96.2","(X)","98.3","(X)","97.2","(X)","100.9","(X)","99.9","(X)","98.0","(X)","100.1","(X)","111.7","(X)","97.0","(X)","96.9","(X)","95.9","(X)","99.6","(X)","93.4","(X)","99.0","(X)","95.4","(X)","99.3","(X)","98.5","(X)","101.7","(X)","100.3","(X)","102.4","(X)","102.0","(X)","98.2","(X)","101.2","(X)"
"        Under 5 years","27,254","5.7%","6,780","7.7%","9,305","7.8%","16,314","7.1%","9,538","5.8%","6,539","7.5%","6,340","5.9%","3,409","5.1%","13,898","4.7%","5,757","4.7%","6,727","4.4%","9,452","4.6%","5,654","6.9%","5,466","5.3%","5,796","5.1%","4,057","5.8%","5,333","4.5%","9,217","5.7%","41,960","7.3%","19,087","6.0%","13,518","7.2%","9,165","6.2%","14,784","5.2%","8,032","6.7%","3,934","5.5%","4,280","6.3%","57,841","7.3%","3,924","4.8%","4,386","6.0%","5,635","6.1%","45,843","7.0%","4,622","5.7%","10,554","8.2%","28,569","8.0%","83,055","7.2%","5,830","8.1%","58,503","9.2%","11,274","6.3%","19,588","7.5%"
"        5 to 9 years","27,542","5.7%","6,150","7.0%","10,377","8.7%","18,678","8.1%","11,732","7.1%","8,162","9.4%","6,100","5.6%","3,779","5.6%","14,199","4.8%","4,695","3.8%","6,186","4.1%","11,261","5.4%","5,784","7.1%","6,683","6.4%","5,655","4.9%","3,162","4.6%","5,321","4.4%","11,013","6.8%","39,748","7.0%","19,319","6.1%","14,256","7.6%","10,307","6.9%","14,717","5.2%","9,591","7.9%","4,743","6.6%","5,359","7.9%","55,566","7.0%","4,787","5.9%","3,969","5.5%","5,007","5.4%","45,172","6.9%","5,582","6.9%","11,053","8.6%","34,327","9.7%","85,454","7.4%","6,053","8.4%","57,611","9.1%","11,851","6.7%","18,264","7.0%"
"        10 to 14 years","36,296","7.5%","5,734","6.5%","10,547","8.9%","18,188","7.9%","9,873","6.0%","6,307","7.3%","6,960","6.4%","3,078","4.6%","15,547","5.3%","8,070","6.6%","8,341","5.5%","10,071","4.9%","4,010","4.9%","6,328","6.1%","6,704","5.9%","4,210","6.1%","8,132","6.8%","11,248","7.0%","40,751","7.1%","23,132","7.2%","14,688","7.8%","12,273","8.3%","19,868","7.0%","5,864","4.9%","5,160","7.2%","4,232","6.2%","57,561","7.2%","4,220","5.2%","5,924","8.2%","7,020","7.6%","46,061","7.1%","5,753","7.1%","10,395","8.1%","30,940","8.7%","87,735","7.6%","7,616","10.5%","59,088","9.3%","14,024","7.9%","22,376","8.6%"
"        15 to 19 years","33,100","6.9%","6,499","7.4%","8,707","7.3%","15,924","6.9%","10,255","6.2%","5,799","6.7%","6,379","5.9%","3,410","5.1%","17,561","6.0%","7,345","6.0%","11,023","7.2%","12,155","5.9%","4,643","5.7%","6,454","6.2%","9,506","8.3%","4,552","6.6%","7,664","6.4%","9,335","5.8%","38,095","6.7%","22,624","7.1%","12,888","6.9%","10,917","7.4%","23,135","8.1%","8,789","7.3%","4,932","6.9%","4,569","6.7%","50,941","6.4%","8,614","10.5%","5,528","7.6%","5,704","6.2%","42,606","6.5%","5,510","6.8%","12,413","9.7%","28,875","8.1%","82,792","7.1%","5,611","7.8%","59,997","9.4%","12,021","6.8%","18,928","7.3%"
"        20 to 24 years","28,056","5.8%","6,219","7.1%","7,170","6.0%","16,971","7.4%","8,738","5.3%","5,562","6.4%","6,661","6.2%","3,310","4.9%","17,388","5.9%","6,899","5.6%","10,580","7.0%","10,036","4.8%","6,656","8.2%","4,322","4.2%","13,184","11.5%","3,993","5.8%","11,354","9.5%","8,482","5.3%","36,750","6.4%","36,479","11.4%","11,307","6.0%","8,402","5.7%","31,110","11.0%","10,484","8.7%","3,625","5.1%","4,035","5.9%","52,810","6.6%","15,041","18.4%","4,523","6.2%","5,964","6.5%","41,474","6.4%","4,312","5.3%","17,041","13.3%","23,619","6.6%","80,923","7.0%","3,961","5.5%","80,249","12.6%","12,340","6.9%","18,870","7.3%"
"        25 to 34 years","70,119","14.6%","13,297","15.1%","17,084","14.3%","31,419","13.7%","20,618","12.4%","11,422","13.1%","12,846","11.9%","6,660","9.9%","41,032","13.9%","14,652","12.0%","20,402","13.4%","26,507","12.8%","10,975","13.5%","12,378","11.9%","19,041","16.6%","8,716","12.6%","18,717","15.6%","21,717","13.5%","87,633","15.3%","43,126","13.5%","27,109","14.5%","20,645","13.9%","40,032","14.1%","20,938","17.3%","8,441","11.8%","8,885","13.1%","123,419","15.5%","11,731","14.3%","8,639","11.9%","11,665","12.6%","95,358","14.6%","10,497","12.9%","18,773","14.6%","49,580","13.9%","191,572","16.5%","10,788","14.9%","92,775","14.6%","20,411","11.5%","40,417","15.5%"
"        35 to 44 years","68,200","14.2%","11,003","12.5%","14,791","12.4%","28,987","12.6%","20,385","12.3%","10,528","12.1%","13,432","12.4%","7,042","10.5%","36,867","12.5%","13,543","11.1%","16,739","11.0%","23,414","11.3%","9,443","11.6%","13,517","13.0%","14,983","13.1%","8,300","12.0%","16,379","13.7%","21,738","13.5%","77,929","13.6%","40,761","12.8%","25,989","13.9%","22,759","15.3%","36,695","12.9%","15,568","12.9%","8,365","11.7%","8,638","12.7%","104,521","13.1%","8,248","10.1%","9,580","13.2%","11,135","12.0%","84,832","13.0%","10,693","13.2%","15,531","12.1%","53,145","15.0%","172,233","14.8%","10,122","14.0%","80,685","12.7%","20,474","11.5%","36,595","14.1%"
"        45 to 54 years","60,707","12.6%","9,456","10.8%","12,446","10.5%","25,613","11.1%","20,137","12.2%","9,263","10.7%","13,983","12.9%","8,784","13.1%","39,525","13.4%","16,791","13.7%","19,865","13.1%","27,495","13.2%","7,702","9.5%","12,581","12.1%","11,650","10.2%","7,978","11.5%","12,681","10.6%","19,010","11.8%","65,384","11.4%","32,925","10.3%","23,550","12.6%","17,267","11.6%","32,091","11.3%","11,972","9.9%","9,258","12.9%","7,680","11.3%","88,665","11.1%","6,484","7.9%","8,594","11.8%","11,957","12.9%","75,908","11.7%","10,222","12.6%","10,936","8.5%","36,487","10.3%","130,215","11.2%","9,187","12.7%","54,114","8.5%","16,884","9.5%","27,266","10.5%"
"        55 to 59 years","26,567","5.5%","4,736","5.4%","6,099","5.1%","13,146","5.7%","10,874","6.6%","5,076","5.8%","7,301","6.7%","4,738","7.1%","21,831","7.4%","10,762","8.8%","11,360","7.5%","16,091","7.7%","5,362","6.6%","6,559","6.3%","5,809","5.1%","5,704","8.2%","7,385","6.2%","10,194","6.3%","33,339","5.8%","17,346","5.4%","11,914","6.4%","7,941","5.4%","16,633","5.9%","8,187","6.8%","4,884","6.8%","3,660","5.4%","47,247","5.9%","3,999","4.9%","5,325","7.3%","5,943","6.4%","38,753","5.9%","5,985","7.4%","3,504","2.7%","16,525","4.6%","56,825","4.9%","3,331","4.6%","21,422","3.4%","8,588","4.8%","13,552","5.2%"
"        60 to 64 years","32,212","6.7%","5,600","6.4%","6,943","5.8%","11,957","5.2%","11,465","6.9%","4,226","4.9%","8,754","8.1%","6,107","9.1%","20,798","7.1%","8,591","7.0%","11,499","7.6%","17,314","8.3%","5,759","7.1%","8,590","8.3%","6,605","5.8%","5,068","7.3%","7,116","5.9%","10,953","6.8%","32,884","5.8%","18,818","5.9%","9,238","4.9%","8,892","6.0%","15,452","5.4%","6,646","5.5%","4,944","6.9%","5,084","7.5%","46,900","5.9%","3,392","4.1%","4,190","5.8%","6,957","7.5%","39,093","6.0%","4,475","5.5%","5,540","4.3%","16,823","4.7%","59,030","5.1%","3,085","4.3%","21,506","3.4%","10,454","5.9%","13,862","5.3%"
"        65 to 74 years","43,595","9.1%","7,542","8.6%","9,308","7.8%","20,686","9.0%","19,095","11.5%","7,934","9.1%","11,202","10.3%","9,575","14.3%","32,979","11.2%","15,051","12.3%","17,416","11.4%","26,260","12.6%","8,490","10.4%","13,186","12.7%","9,723","8.5%","8,611","12.4%","12,358","10.3%","16,606","10.3%","46,916","8.2%","27,104","8.5%","13,922","7.4%","12,245","8.3%","23,521","8.3%","8,567","7.1%","7,723","10.8%","6,935","10.2%","67,315","8.4%","5,883","7.2%","6,841","9.4%","9,093","9.8%","56,942","8.7%","8,096","10.0%","7,375","5.7%","21,437","6.0%","79,987","6.9%","4,392","6.1%","29,569","4.6%","21,172","11.9%","19,149","7.4%"
"        75 to 84 years","20,983","4.4%","4,018","4.6%","4,856","4.1%","9,595","4.2%","9,823","5.9%","4,796","5.5%","6,287","5.8%","4,953","7.4%","15,809","5.4%","7,427","6.1%","9,129","6.0%","11,053","5.3%","4,040","5.0%","6,089","5.9%","4,792","4.2%","4,308","6.2%","5,016","4.2%","7,877","4.9%","22,005","3.9%","12,745","4.0%","6,054","3.2%","5,032","3.4%","11,859","4.2%","4,107","3.4%","3,832","5.4%","3,311","4.9%","31,781","4.0%","4,199","5.1%","3,837","5.3%","4,681","5.1%","27,317","4.2%","4,532","5.6%","4,256","3.3%","11,658","3.3%","37,064","3.2%","1,516","2.1%","15,065","2.4%","13,993","7.9%","9,294","3.6%"
"        85 years and over","6,956","1.4%","774","0.9%","1,429","1.2%","2,371","1.0%","3,164","1.9%","1,264","1.5%","2,032","1.9%","2,210","3.3%","7,569","2.6%","2,719","2.2%","2,881","1.9%","6,532","3.1%","2,848","3.5%","1,653","1.6%","986","0.9%","773","1.1%","2,144","1.8%","3,910","2.4%","7,933","1.4%","5,624","1.8%","2,763","1.5%","2,461","1.7%","4,117","1.4%","2,004","1.7%","1,681","2.4%","1,329","2.0%","12,867","1.6%","1,262","1.5%","1,256","1.7%","1,698","1.8%","12,193","1.9%","1,010","1.2%","918","0.7%","3,496","1.0%","13,552","1.2%","767","1.1%","5,651","0.9%","4,070","2.3%","2,052","0.8%"
"        Median age (years)","37.8","(X)","34.5","(X)","33.3","(X)","33.9","(X)","40.7","(X)","34.7","(X)","42.1","(X)","48.7","(X)","42.5","(X)","45.1","(X)","42.7","(X)","45.5","(X)","37.4","(X)","42.4","(X)","33.1","(X)","42.0","(X)","37.3","(X)","39.1","(X)","35.1","(X)","34.0","(X)","34.9","(X)","35.8","(X)","34.5","(X)","32.9","(X)","40.9","(X)","38.3","(X)","35.0","(X)","28.5","(X)","38.5","(X)","39.7","(X)","36.0","(X)","38.9","(X)","26.0","(X)","31.7","(X)","33.3","(X)","31.6","(X)","25.2","(X)","38.1","(X)","33.1","(X)"
"        Under 18 years","111,728","23.2%","22,500","25.6%","36,186","30.4%","64,200","27.9%","37,817","22.8%","24,605","28.3%","23,271","21.5%","12,354","18.4%","53,535","18.1%","22,720","18.6%","26,834","17.6%","38,046","18.3%","18,237","22.4%","22,529","21.7%","21,926","19.2%","13,782","19.8%","22,386","18.7%","37,387","23.2%","145,688","25.5%","72,188","22.6%","51,072","27.3%","38,552","26.0%","60,219","21.2%","27,915","23.1%","16,767","23.4%","16,604","24.4%","202,595","25.4%","15,531","19.0%","17,091","23.5%","21,372","23.1%","163,679","25.1%","19,480","24.0%","38,390","29.9%","112,808","31.7%","309,146","26.6%","23,233","32.2%","209,285","32.9%","45,027","25.4%","72,496","27.9%"
"        16 years and over","382,250","79.4%","67,650","77.0%","87,140","73.2%","172,947","75.2%","131,718","79.5%","64,052","73.7%","87,583","80.9%","56,171","83.8%","247,753","84.0%","102,483","83.8%","128,734","84.6%","174,837","84.2%","65,381","80.4%","84,462","81.4%","95,278","83.3%","57,002","82.1%","99,758","83.4%","128,410","79.6%","440,151","77.0%","253,724","79.5%","141,814","75.8%","113,979","76.9%","231,492","81.5%","96,278","79.7%","56,746","79.3%","53,283","78.4%","617,180","77.4%","67,475","82.5%","57,615","79.4%","73,616","79.6%","505,407","77.6%","63,950","78.7%","94,013","73.3%","254,571","71.6%","886,605","76.4%","51,452","71.2%","449,527","70.7%","137,370","77.4%","195,425","75.1%"
"        18 years and over","369,859","76.8%","65,308","74.4%","82,876","69.6%","165,649","72.1%","127,880","77.2%","62,273","71.7%","85,006","78.5%","54,701","81.6%","241,468","81.9%","99,582","81.4%","125,314","82.4%","169,595","81.7%","63,129","77.6%","81,277","78.3%","92,508","80.8%","55,650","80.2%","97,214","81.3%","123,913","76.8%","425,639","74.5%","246,902","77.4%","136,124","72.7%","109,754","74.0%","223,795","78.8%","92,834","76.9%","54,755","76.6%","51,393","75.6%","594,839","74.6%","66,253","81.0%","55,501","76.5%","71,087","76.9%","487,873","74.9%","61,809","76.0%","89,899","70.1%","242,673","68.3%","851,291","73.4%","49,026","67.8%","426,950","67.1%","132,529","74.6%","187,717","72.1%"
"        21 years and over","351,925","73.1%","61,686","70.3%","78,979","66.3%","156,283","68.0%","121,501","73.3%","59,816","68.9%","81,457","75.2%","52,392","78.1%","231,108","78.3%","94,793","77.5%","116,916","76.8%","162,615","78.3%","60,172","74.0%","78,086","75.2%","84,163","73.5%","52,780","76.0%","90,862","76.0%","119,020","73.8%","403,759","70.7%","226,099","70.9%","129,892","69.4%","104,626","70.5%","204,140","71.9%","86,535","71.7%","51,715","72.3%","48,948","72.0%","566,480","71.0%","55,913","68.4%","51,433","70.9%","67,779","73.3%","462,629","71.0%","59,068","72.7%","81,447","63.5%","227,244","63.9%","803,767","69.3%","46,815","64.8%","388,564","61.1%","126,727","71.4%","176,630","67.9%"
"        62 years and over","89,309","18.5%","15,719","17.9%","19,623","16.5%","40,132","17.5%","38,575","23.3%","16,854","19.4%","25,329","23.4%","20,345","30.3%","68,603","23.3%","30,607","25.0%","36,093","23.7%","53,043","25.5%","18,744","23.0%","26,244","25.3%","19,590","17.1%","16,215","23.4%","24,016","20.1%","34,031","21.1%","95,850","16.8%","56,218","17.6%","28,389","15.2%","24,851","16.8%","48,750","17.2%","19,163","15.9%","15,771","22.1%","14,290","21.0%","140,613","17.6%","13,182","16.1%","14,307","19.7%","19,707","21.3%","119,890","18.4%","15,851","19.5%","16,504","12.9%","46,440","13.1%","165,956","14.3%","7,573","10.5%","63,168","9.9%","44,528","25.1%","39,171","15.1%"
"        65 years and over","71,534","14.9%","12,334","14.0%","15,593","13.1%","32,652","14.2%","32,082","19.4%","13,994","16.1%","19,521","18.0%","16,738","25.0%","56,357","19.1%","25,197","20.6%","29,426","19.3%","43,845","21.1%","15,378","18.9%","20,928","20.2%","15,501","13.5%","13,692","19.7%","19,518","16.3%","28,393","17.6%","76,854","13.5%","45,473","14.3%","22,739","12.1%","19,738","13.3%","39,497","13.9%","14,678","12.2%","13,236","18.5%","11,575","17.0%","111,963","14.0%","11,344","13.9%","11,934","16.4%","15,472","16.7%","96,452","14.8%","13,638","16.8%","12,549","9.8%","36,591","10.3%","130,603","11.3%","6,675","9.2%","50,285","7.9%","39,235","22.1%","30,495","11.7%"
"        18 years and over","369,859","369,859","65,308","65,308","82,876","82,876","165,649","165,649","127,880","127,880","62,273","62,273","85,006","85,006","54,701","54,701","241,468","241,468","99,582","99,582","125,314","125,314","169,595","169,595","63,129","63,129","81,277","81,277","92,508","92,508","55,650","55,650","97,214","97,214","123,913","123,913","425,639","425,639","246,902","246,902","136,124","136,124","109,754","109,754","223,795","223,795","92,834","92,834","54,755","54,755","51,393","51,393","594,839","594,839","66,253","66,253","55,501","55,501","71,087","71,087","487,873","487,873","61,809","61,809","89,899","89,899","242,673","242,673","851,291","851,291","49,026","49,026","426,950","426,950","132,529","132,529","187,717","187,717"
"            Male","184,348","49.8%","32,668","50.0%","41,564","50.2%","82,167","49.6%","62,239","48.7%","30,680","49.3%","41,469","48.8%","26,903","49.2%","115,731","47.9%","47,349","47.5%","61,656","49.2%","81,008","47.8%","31,701","50.2%","40,423","49.7%","48,713","52.7%","27,083","48.7%","47,919","49.3%","60,632","48.9%","207,503","48.8%","123,182","49.9%","67,088","49.3%","53,173","48.4%","110,819","49.5%","48,905","52.7%","26,605","48.6%","24,681","48.0%","286,819","48.2%","32,763","49.5%","26,122","47.1%","35,069","49.3%","234,307","48.0%","30,278","49.0%","44,635","49.7%","120,027","49.5%","425,157","49.9%","24,322","49.6%","213,790","50.1%","64,352","48.6%","94,095","50.1%"
"            Female","185,511","50.2%","32,640","50.0%","41,312","49.8%","83,482","50.4%","65,641","51.3%","31,593","50.7%","43,537","51.2%","27,798","50.8%","125,737","52.1%","52,233","52.5%","63,658","50.8%","88,587","52.2%","31,428","49.8%","40,854","50.3%","43,795","47.3%","28,567","51.3%","49,295","50.7%","63,281","51.1%","218,136","51.2%","123,720","50.1%","69,036","50.7%","56,581","51.6%","112,976","50.5%","43,929","47.3%","28,150","51.4%","26,712","52.0%","308,020","51.8%","33,490","50.5%","29,379","52.9%","36,018","50.7%","253,566","52.0%","31,531","51.0%","45,264","50.3%","122,646","50.5%","426,134","50.1%","24,704","50.4%","213,160","49.9%","68,177","51.4%","93,622","49.9%"
"            Sex ratio (males per 100 females)","99.4","(X)","100.1","(X)","100.6","(X)","98.4","(X)","94.8","(X)","97.1","(X)","95.3","(X)","96.8","(X)","92.0","(X)","90.6","(X)","96.9","(X)","91.4","(X)","100.9","(X)","98.9","(X)","111.2","(X)","94.8","(X)","97.2","(X)","95.8","(X)","95.1","(X)","99.6","(X)","97.2","(X)","94.0","(X)","98.1","(X)","111.3","(X)","94.5","(X)","92.4","(X)","93.1","(X)","97.8","(X)","88.9","(X)","97.4","(X)","92.4","(X)","96.0","(X)","98.6","(X)","97.9","(X)","99.8","(X)","98.5","(X)","100.3","(X)","94.4","(X)","100.5","(X)"
"        65 years and over","71,534","71,534","12,334","12,334","15,593","15,593","32,652","32,652","32,082","32,082","13,994","13,994","19,521","19,521","16,738","16,738","56,357","56,357","25,197","25,197","29,426","29,426","43,845","43,845","15,378","15,378","20,928","20,928","15,501","15,501","13,692","13,692","19,518","19,518","28,393","28,393","76,854","76,854","45,473","45,473","22,739","22,739","19,738","19,738","39,497","39,497","14,678","14,678","13,236","13,236","11,575","11,575","111,963","111,963","11,344","11,344","11,934","11,934","15,472","15,472","96,452","96,452","13,638","13,638","12,549","12,549","36,591","36,591","130,603","130,603","6,675","6,675","50,285","50,285","39,235","39,235","30,495","30,495"
"            Male","33,068","46.2%","5,702","46.2%","7,150","45.9%","15,185","46.5%","15,170","47.3%","6,371","45.5%","8,655","44.3%","7,874","47.0%","24,589","43.6%","11,355","45.1%","13,292","45.2%","19,473","44.4%","7,302","47.5%","10,240","48.9%","7,561","48.8%","6,514","47.6%","8,968","45.9%","12,768","45.0%","33,794","44.0%","20,227","44.5%","9,824","43.2%","9,006","45.6%","17,747","44.9%","6,804","46.4%","5,889","44.5%","5,033","43.5%","48,997","43.8%","4,762","42.0%","5,450","45.7%","7,335","47.4%","41,546","43.1%","6,381","46.8%","6,003","47.8%","17,106","46.7%","59,762","45.8%","3,110","46.6%","23,013","45.8%","18,888","48.1%","14,279","46.8%"
"            Female","38,466","53.8%","6,632","53.8%","8,443","54.1%","17,467","53.5%","16,912","52.7%","7,623","54.5%","10,866","55.7%","8,864","53.0%","31,768","56.4%","13,842","54.9%","16,134","54.8%","24,372","55.6%","8,076","52.5%","10,688","51.1%","7,940","51.2%","7,178","52.4%","10,550","54.1%","15,625","55.0%","43,060","56.0%","25,246","55.5%","12,915","56.8%","10,732","54.4%","21,750","55.1%","7,874","53.6%","7,347","55.5%","6,542","56.5%","62,966","56.2%","6,582","58.0%","6,484","54.3%","8,137","52.6%","54,906","56.9%","7,257","53.2%","6,546","52.2%","19,485","53.3%","70,841","54.2%","3,565","53.4%","27,272","54.2%","20,347","51.9%","16,216","53.2%"
"            Sex ratio (males per 100 females)","86.0","(X)","86.0","(X)","84.7","(X)","86.9","(X)","89.7","(X)","83.6","(X)","79.7","(X)","88.8","(X)","77.4","(X)","82.0","(X)","82.4","(X)","79.9","(X)","90.4","(X)","95.8","(X)","95.2","(X)","90.7","(X)","85.0","(X)","81.7","(X)","78.5","(X)","80.1","(X)","76.1","(X)","83.9","(X)","81.6","(X)","86.4","(X)","80.2","(X)","76.9","(X)","77.8","(X)","72.3","(X)","84.1","(X)","90.1","(X)","75.7","(X)","87.9","(X)","91.7","(X)","87.8","(X)","84.4","(X)","87.2","(X)","84.4","(X)","92.8","(X)","88.1","(X)"
"RACE","","","","","","","","","","","","","","","","","","","","","","","","","","","","","","","","","","","","","","","","","","","","","","","","","","","","","","","","","","","","","","","","","","","","","","","","","","","","","",""
"    Total population","481,587","481,587","87,808","87,808","119,062","119,062","229,849","229,849","165,697","165,697","86,878","86,878","108,277","108,277","67,055","67,055","295,003","295,003","122,302","122,302","152,148","152,148","207,641","207,641","81,366","81,366","103,806","103,806","114,434","114,434","69,432","69,432","119,600","119,600","161,300","161,300","571,327","571,327","319,090","319,090","187,196","187,196","148,306","148,306","284,014","284,014","120,749","120,749","71,522","71,522","67,997","67,997","797,434","797,434","81,784","81,784","72,592","72,592","92,459","92,459","651,552","651,552","81,289","81,289","128,289","128,289","355,481","355,481","1,160,437","1,160,437","72,259","72,259","636,235","636,235","177,556","177,556","260,213","260,213"
"        One race","464,298","96.4%","84,215","95.9%","115,007","96.6%","218,461","95.0%","159,936","96.5%","N","N","104,101","96.1%","65,967","98.4%","288,618","97.8%","119,765","97.9%","149,184","98.1%","204,309","98.4%","77,491","95.2%","100,755","97.1%","111,989","97.9%","66,129","95.2%","115,327","96.4%","155,756","96.6%","552,119","96.6%","308,305","96.6%","180,745","96.6%","140,527","94.8%","265,530","93.5%","106,820","88.5%","67,555","94.5%","60,674","89.2%","750,887","94.2%","75,961","92.9%","68,808","94.8%","84,128","91.0%","599,806","92.1%","74,145","91.2%","124,779","97.3%","344,705","97.0%","1,117,594","96.3%","N","N","611,584","96.1%","173,202","97.5%","251,919","96.8%"
"        Two or more races","17,289","3.6%","3,593","4.1%","4,055","3.4%","11,388","5.0%","5,761","3.5%","N","N","4,176","3.9%","1,088","1.6%","6,385","2.2%","2,537","2.1%","2,964","1.9%","3,332","1.6%","3,875","4.8%","3,051","2.9%","2,445","2.1%","3,303","4.8%","4,273","3.6%","5,544","3.4%","19,208","3.4%","10,785","3.4%","6,451","3.4%","7,779","5.2%","18,484","6.5%","13,929","11.5%","3,967","5.5%","7,323","10.8%","46,547","5.8%","5,823","7.1%","3,784","5.2%","8,331","9.0%","51,746","7.9%","7,144","8.8%","3,510","2.7%","10,776","3.0%","42,843","3.7%","N","N","24,651","3.9%","4,354","2.5%","8,294","3.2%"
"        One race","464,298","96.4%","84,215","95.9%","115,007","96.6%","218,461","95.0%","159,936","96.5%","N","N","104,101","96.1%","65,967","98.4%","288,618","97.8%","119,765","97.9%","149,184","98.1%","204,309","98.4%","77,491","95.2%","100,755","97.1%","111,989","97.9%","66,129","95.2%","115,327","96.4%","155,756","96.6%","552,119","96.6%","308,305","96.6%","180,745","96.6%","140,527","94.8%","265,530","93.5%","106,820","88.5%","67,555","94.5%","60,674","89.2%","750,887","94.2%","75,961","92.9%","68,808","94.8%","84,128","91.0%","599,806","92.1%","74,145","91.2%","124,779","97.3%","344,705","97.0%","1,117,594","96.3%","N","N","611,584","96.1%","173,202","97.5%","251,919","96.8%"
"            White","434,358","90.2%","77,618","88.4%","108,330","91.0%","181,500","79.0%","155,439","93.8%","N","N","98,890","91.3%","63,388","94.5%","269,684","91.4%","116,835","95.5%","142,957","94.0%","197,350","95.0%","71,320","87.7%","96,995","93.4%","106,524","93.1%","64,322","92.6%","109,724","91.7%","144,096","89.3%","451,724","79.1%","272,554","85.4%","162,930","87.0%","121,126","81.7%","221,304","77.9%","75,751","62.7%","56,397","78.9%","39,099","57.5%","551,112","69.1%","64,818","79.3%","55,249","76.1%","68,959","74.6%","457,630","70.2%","60,363","74.3%","118,029","92.0%","323,178","90.9%","929,287","80.1%","N","N","581,543","91.4%","163,341","92.0%","236,957","91.1%"
"            Black or African American","6,795","1.4%","729","0.8%","374","0.3%","1,063","0.5%","340","0.2%","N","N","3,755","3.5%","651","1.0%","10,161","3.4%","1,802","1.5%","1,313","0.9%","2,374","1.1%","776","1.0%","551","0.5%","1,027","0.9%","617","0.9%","968","0.8%","1,586","1.0%","64,027","11.2%","12,759","4.0%","7,322","3.9%","5,662","3.8%","13,726","4.8%","19,184","15.9%","1,572","2.2%","7,180","10.6%","119,946","15.0%","2,970","3.6%","2,526","3.5%","810","0.9%","64,765","9.9%","2,959","3.6%","857","0.7%","4,376","1.2%","23,313","2.0%","N","N","3,029","0.5%","1,498","0.8%","3,155","1.2%"
"            American Indian and Alaska Native","3,848","0.8%","2,237","2.5%","611","0.5%","1,567","0.7%","1,411","0.9%","N","N","8","0.0%","1,452","2.2%","1,027","0.3%","132","0.1%","2,101","1.4%","1,376","0.7%","4,149","5.1%","1,899","1.8%","1,268","1.1%","461","0.7%","1,890","1.6%","7,623","4.7%","4,202","0.7%","3,192","1.0%","1,655","0.9%","6,983","4.7%","12,965","4.6%","5,849","4.8%","9,323","13.0%","11,933","17.5%","26,274","3.3%","3,219","3.9%","10,437","14.4%","12,100","13.1%","35,498","5.4%","7,753","9.5%","658","0.5%","1,592","0.4%","10,033","0.9%","N","N","3,045","0.5%","1,706","1.0%","2,350","0.9%"
"                Cherokee tribal grouping","99","0.0%","N","N","N","N","N","N","N","N","N","N","N","N","N","N","N","N","N","N","N","N","N","N","N","N","N","N","N","N","N","N","N","N","N","N","N","N","N","N","N","N","N","N","N","N","N","N","N","N","N","N","N","N","N","N","N","N","N","N","15,703","2.4%","N","N","N","N","N","N","808","0.1%","N","N","N","N","N","N","N","N"
"                Chippewa tribal grouping","42","0.0%","N","N","N","N","N","N","N","N","N","N","N","N","N","N","N","N","N","N","N","N","N","N","N","N","N","N","N","N","N","N","N","N","N","N","N","N","N","N","N","N","N","N","N","N","N","N","N","N","N","N","N","N","N","N","N","N","N","N","59","0.0%","N","N","N","N","N","N","0","0.0%","N","N","N","N","N","N","N","N"
"                Navajo tribal grouping","736","0.2%","N","N","N","N","N","N","N","N","N","N","N","N","N","N","N","N","N","N","N","N","N","N","N","N","N","N","N","N","N","N","N","N","N","N","N","N","N","N","N","N","N","N","N","N","N","N","N","N","N","N","N","N","N","N","N","N","N","N","298","0.0%","N","N","N","N","N","N","2,458","0.2%","N","N","N","N","N","N","N","N"
"                Sioux tribal grouping","313","0.1%","N","N","N","N","N","N","N","N","N","N","N","N","N","N","N","N","N","N","N","N","N","N","N","N","N","N","N","N","N","N","N","N","N","N","N","N","N","N","N","N","N","N","N","N","N","N","N","N","N","N","N","N","N","N","N","N","N","N","135","0.0%","N","N","N","N","N","N","0","0.0%","N","N","N","N","N","N","N","N"
"            Asian","11,196","2.3%","1,826","2.1%","1,866","1.6%","2,428","1.1%","1,971","1.2%","N","N","1,039","1.0%","333","0.5%","6,590","2.2%","574","0.5%","1,708","1.1%","2,314","1.1%","295","0.4%","910","0.9%","1,179","1.0%","598","0.9%","2,390","2.0%","1,123","0.7%","22,779","4.0%","14,580","4.6%","4,544","2.4%","5,008","3.4%","13,298","4.7%","3,172","2.6%","69","0.1%","369","0.5%","28,316","3.6%","3,661","4.5%","426","0.6%","1,412","1.5%","23,436","3.6%","1,300","1.6%","3,357","2.6%","6,853","1.9%","48,472","4.2%","N","N","8,780","1.4%","1,186","0.7%","3,790","1.5%"
"                Asian Indian","921","0.2%","N","N","N","N","N","N","N","N","N","N","N","N","N","N","1,080","0.4%","N","N","N","N","N","N","N","N","N","N","N","N","N","N","N","N","N","N","4,931","0.9%","1,149","0.4%","366","0.2%","N","N","2,115","0.7%","N","N","N","N","N","N","6,390","0.8%","N","N","N","N","N","N","3,521","0.5%","N","N","N","N","301","0.1%","12,795","1.1%","N","N","1,363","0.2%","N","N","0","0.0%"
"                Chinese","3,159","0.7%","N","N","N","N","N","N","N","N","N","N","N","N","N","N","919","0.3%","N","N","N","N","N","N","N","N","N","N","N","N","N","N","N","N","N","N","1,862","0.3%","2,963","0.9%","400","0.2%","N","N","2,281","0.8%","N","N","N","N","N","N","2,181","0.3%","N","N","N","N","N","N","2,051","0.3%","N","N","N","N","764","0.2%","8,198","0.7%","N","N","2,753","0.4%","N","N","571","0.2%"
"                Filipino","675","0.1%","N","N","N","N","N","N","N","N","N","N","N","N","N","N","416","0.1%","N","N","N","N","N","N","N","N","N","N","N","N","N","N","N","N","N","N","647","0.1%","214","0.1%","1,243","0.7%","N","N","1,197","0.4%","N","N","N","N","N","N","2,353","0.3%","N","N","N","N","N","N","1,583","0.2%","N","N","N","N","1,902","0.5%","4,516","0.4%","N","N","908","0.1%","N","N","746","0.3%"
"                Japanese","1,284","0.3%","N","N","N","N","N","N","N","N","N","N","N","N","N","N","255","0.1%","N","N","N","N","N","N","N","N","N","N","N","N","N","N","N","N","N","N","816","0.1%","618","0.2%","246","0.1%","N","N","679","0.2%","N","N","N","N","N","N","428","0.1%","N","N","N","N","N","N","800","0.1%","N","N","N","N","1,333","0.4%","2,597","0.2%","N","N","1,245","0.2%","N","N","562","0.2%"
"                Korean","1,309","0.3%","N","N","N","N","N","N","N","N","N","N","N","N","N","N","415","0.1%","N","N","N","N","N","N","N","N","N","N","N","N","N","N","N","N","N","N","2,203","0.4%","1,046","0.3%","400","0.2%","N","N","682","0.2%","N","N","N","N","N","N","1,524","0.2%","N","N","N","N","N","N","690","0.1%","N","N","N","N","465","0.1%","3,245","0.3%","N","N","567","0.1%","N","N","157","0.1%"
"                Vietnamese","752","0.2%","N","N","N","N","N","N","N","N","N","N","N","N","N","N","709","0.2%","N","N","N","N","N","N","N","N","N","N","N","N","N","N","N","N","N","N","3,443","0.6%","6,411","2.0%","980","0.5%","N","N","4,730","1.7%","N","N","N","N","N","N","8,987","1.1%","N","N","N","N","N","N","5,365","0.8%","N","N","N","N","1,221","0.3%","6,004","0.5%","N","N","351","0.1%","N","N","243","0.1%"
"                Other Asian","3,096","0.6%","N","N","N","N","N","N","N","N","N","N","N","N","N","N","2,796","0.9%","N","N","N","N","N","N","N","N","N","N","N","N","N","N","N","N","N","N","8,877","1.6%","2,179","0.7%","909","0.5%","N","N","1,614","0.6%","N","N","N","N","N","N","6,453","0.8%","N","N","N","N","N","N","9,426","1.4%","N","N","N","N","867","0.2%","11,117","1.0%","N","N","1,593","0.3%","N","N","1,511","0.6%"
"            Native Hawaiian and Other Pacific Islander","655","0.1%","12","0.0%","14","0.0%","313","0.1%","9","0.0%","N","N","0","0.0%","0","0.0%","30","0.0%","0","0.0%","65","0.0%","56","0.0%","9","0.0%","0","0.0%","0","0.0%","0","0.0%","0","0.0%","0","0.0%","108","0.0%","580","0.2%","711","0.4%","0","0.0%","118","0.0%","214","0.2%","8","0.0%","0","0.0%","855","0.1%","15","0.0%","0","0.0%","0","0.0%","842","0.1%","0","0.0%","12","0.0%","3,062","0.9%","18,390","1.6%","N","N","6,171","1.0%","389","0.2%","671","0.3%"
"                Native Hawaiian","N","N","N","N","N","N","N","N","N","N","N","N","N","N","N","N","N","N","N","N","N","N","N","N","N","N","N","N","N","N","N","N","N","N","N","N","N","N","N","N","N","N","N","N","N","N","N","N","N","N","N","N","N","N","N","N","N","N","N","N","N","N","N","N","N","N","N","N","395","0.0%","N","N","361","0.1%","N","N","N","N"
"                Guamanian or Chamorro","N","N","N","N","N","N","N","N","N","N","N","N","N","N","N","N","N","N","N","N","N","N","N","N","N","N","N","N","N","N","N","N","N","N","N","N","N","N","N","N","N","N","N","N","N","N","N","N","N","N","N","N","N","N","N","N","N","N","N","N","N","N","N","N","N","N","N","N","370","0.0%","N","N","161","0.0%","N","N","N","N"
"                Samoan","N","N","N","N","N","N","N","N","N","N","N","N","N","N","N","N","N","N","N","N","N","N","N","N","N","N","N","N","N","N","N","N","N","N","N","N","N","N","N","N","N","N","N","N","N","N","N","N","N","N","N","N","N","N","N","N","N","N","N","N","N","N","N","N","N","N","N","N","5,616","0.5%","N","N","2,554","0.4%","N","N","N","N"
"                Other Pacific Islander","N","N","N","N","N","N","N","N","N","N","N","N","N","N","N","N","N","N","N","N","N","N","N","N","N","N","N","N","N","N","N","N","N","N","N","N","N","N","N","N","N","N","N","N","N","N","N","N","N","N","N","N","N","N","N","N","N","N","N","N","N","N","N","N","N","N","N","N","12,009","1.0%","N","N","3,095","0.5%","N","N","N","N"
"            Some other race","7,446","1.5%","1,793","2.0%","3,812","3.2%","31,590","13.7%","766","0.5%","N","N","409","0.4%","143","0.2%","1,126","0.4%","422","0.3%","1,040","0.7%","839","0.4%","942","1.2%","400","0.4%","1,991","1.7%","131","0.2%","355","0.3%","1,328","0.8%","9,279","1.6%","4,640","1.5%","3,583","1.9%","1,748","1.2%","4,119","1.5%","2,650","2.2%","186","0.3%","2,093","3.1%","24,384","3.1%","1,278","1.6%","170","0.2%","847","0.9%","17,635","2.7%","1,770","2.2%","1,866","1.5%","5,644","1.6%","88,099","7.6%","N","N","9,016","1.4%","5,082","2.9%","4,996","1.9%"
"        Two or more races","17,289","3.6%","3,593","4.1%","4,055","3.4%","11,388","5.0%","5,761","3.5%","N","N","4,176","3.9%","1,088","1.6%","6,385","2.2%","2,537","2.1%","2,964","1.9%","3,332","1.6%","3,875","4.8%","3,051","2.9%","2,445","2.1%","3,303","4.8%","4,273","3.6%","5,544","3.4%","19,208","3.4%","10,785","3.4%","6,451","3.4%","7,779","5.2%","18,484","6.5%","13,929","11.5%","3,967","5.5%","7,323","10.8%","46,547","5.8%","5,823","7.1%","3,784","5.2%","8,331","9.0%","51,746","7.9%","7,144","8.8%","3,510","2.7%","10,776","3.0%","42,843","3.7%","N","N","24,651","3.9%","4,354","2.5%","8,294","3.2%"
"            White and Black or African American","2,153","0.4%","472","0.5%","774","0.7%","1,057","0.5%","849","0.5%","N","N","779","0.7%","N","N","1,213","0.4%","N","N","748","0.5%","614","0.3%","255","0.3%","N","N","77","0.1%","N","N","249","0.2%","862","0.5%","7,822","1.4%","5,064","1.6%","1,975","1.1%","569","0.4%","2,501","0.9%","2,300","1.9%","481","0.7%","660","1.0%","11,900","1.5%","861","1.1%","291","0.4%","742","0.8%","8,764","1.3%","484","0.6%","461","0.4%","2,432","0.7%","5,672","0.5%","N","N","3,769","0.6%","353","0.2%","1,781","0.7%"
"            White and American Indian and Alaska Native","3,758","0.8%","1,219","1.4%","1,096","0.9%","2,008","0.9%","1,320","0.8%","N","N","1,320","1.2%","N","N","1,624","0.6%","N","N","1,211","0.8%","779","0.4%","2,690","3.3%","N","N","846","0.7%","N","N","2,873","2.4%","1,576","1.0%","1,850","0.3%","1,710","0.5%","564","0.3%","5,851","3.9%","9,517","3.4%","4,195","3.5%","2,460","3.4%","5,418","8.0%","16,915","2.1%","3,525","4.3%","2,934","4.0%","6,779","7.3%","28,110","4.3%","5,269","6.5%","1,404","1.1%","1,423","0.4%","5,538","0.5%","N","N","2,340","0.4%","1,356","0.8%","918","0.4%"
"            White and Asian","6,860","1.4%","299","0.3%","1,077","0.9%","1,698","0.7%","1,209","0.7%","N","N","502","0.5%","N","N","2,467","0.8%","N","N","229","0.2%","1,132","0.5%","285","0.4%","N","N","772","0.7%","N","N","689","0.6%","649","0.4%","4,353","0.8%","2,033","0.6%","2,208","1.2%","609","0.4%","2,019","0.7%","944","0.8%","133","0.2%","117","0.2%","5,182","0.6%","646","0.8%","360","0.5%","225","0.2%","2,718","0.4%","146","0.2%","442","0.3%","3,950","1.1%","12,554","1.1%","N","N","7,308","1.1%","1,805","1.0%","2,282","0.9%"
"            Black or African American and American Indian and Alaska Native","0","0.0%","0","0.0%","0","0.0%","345","0.2%","0","0.0%","N","N","188","0.2%","N","N","65","0.0%","N","N","0","0.0%","0","0.0%","144","0.2%","N","N","0","0.0%","N","N","0","0.0%","140","0.1%","263","0.0%","131","0.0%","0","0.0%","29","0.0%","135","0.0%","3,128","2.6%","226","0.3%","497","0.7%","6,672","0.8%","358","0.4%","110","0.2%","0","0.0%","4,753","0.7%","396","0.5%","143","0.1%","0","0.0%","563","0.0%","N","N","356","0.1%","0","0.0%","0","0.0%"
"Race alone or in combination with one or more other races","","","","","","","","","","","","","","","","","","","","","","","","","","","","","","","","","","","","","","","","","","","","","","","","","","","","","","","","","","","","","","","","","","","","","","","","","","","","","",""
"    Total population","481,587","481,587","87,808","87,808","119,062","119,062","229,849","229,849","165,697","165,697","86,878","86,878","108,277","108,277","67,055","67,055","295,003","295,003","122,302","122,302","152,148","152,148","207,641","207,641","81,366","81,366","103,806","103,806","114,434","114,434","69,432","69,432","119,600","119,600","161,300","161,300","571,327","571,327","319,090","319,090","187,196","187,196","148,306","148,306","284,014","284,014","120,749","120,749","71,522","71,522","67,997","67,997","797,434","797,434","81,784","81,784","72,592","72,592","92,459","92,459","651,552","651,552","81,289","81,289","128,289","128,289","355,481","355,481","1,160,437","1,160,437","72,259","72,259","636,235","636,235","177,556","177,556","260,213","260,213"
"        White","451,129","93.7%","81,180","92.5%","112,165","94.2%","191,869","83.5%","161,200","97.3%","82,825","95.3%","102,231","94.4%","64,461","96.1%","275,863","93.5%","119,350","97.6%","145,489","95.6%","200,265","96.4%","75,006","92.2%","100,046","96.4%","108,882","95.1%","67,575","97.3%","113,997","95.3%","147,782","91.6%","468,857","82.1%","283,001","88.7%","168,751","90.1%","128,866","86.9%","238,008","83.8%","84,651","70.1%","59,867","83.7%","45,408","66.8%","589,358","73.9%","70,126","85.7%","58,923","81.2%","77,246","83.5%","503,465","77.3%","66,944","82.4%","121,056","94.4%","332,780","93.6%","966,962","83.3%","70,180","97.1%","604,927","95.1%","167,206","94.2%","244,561","94.0%"
"        Black or African American","9,782","2.0%","1,355","1.5%","1,148","1.0%","2,652","1.2%","1,526","0.9%","N","N","6,109","5.6%","1,007","1.5%","12,163","4.1%","2,865","2.3%","2,332","1.5%","3,082","1.5%","1,540","1.9%","1,267","1.2%","1,376","1.2%","1,361","2.0%","1,217","1.0%","3,036","1.9%","74,261","13.0%","18,112","5.7%","9,958","5.3%","6,392","4.3%","19,375","6.8%","25,920","21.5%","2,789","3.9%","8,954","13.2%","140,803","17.7%","4,261","5.2%","2,974","4.1%","1,669","1.8%","81,986","12.6%","4,183","5.1%","1,784","1.4%","7,121","2.0%","34,252","3.0%","502","0.7%","8,607","1.4%","2,052","1.2%","5,939","2.3%"
"        American Indian and Alaska Native","10,002","2.1%","3,860","4.4%","1,971","1.7%","4,107","1.8%","3,068","1.9%","1,407","1.6%","2,686","2.5%","2,005","3.0%","2,721","0.9%","N","N","3,471","2.3%","2,249","1.1%","7,393","9.1%","3,864","3.7%","2,114","1.8%","3,048","4.4%","5,078","4.2%","10,456","6.5%","7,746","1.4%","5,237","1.6%","2,701","1.4%","12,964","8.7%","24,624","8.7%","13,697","11.3%","12,384","17.3%","18,031","26.5%","52,706","6.6%","7,192","8.8%","13,543","18.7%","19,168","20.7%","72,037","11.1%","13,730","16.9%","2,453","1.9%","3,015","0.8%","18,572","1.6%","1,636","2.3%","7,550","1.2%","3,062","1.7%","3,357","1.3%"
"        Asian","20,512","4.3%","2,170","2.5%","3,151","2.6%","4,800","2.1%","3,180","1.9%","2,467","2.8%","1,971","1.8%","546","0.8%","9,098","3.1%","1,690","1.4%","2,475","1.6%","3,724","1.8%","580","0.7%","1,472","1.4%","2,410","2.1%","1,416","2.0%","3,394","2.8%","2,012","1.2%","28,863","5.1%","17,377","5.4%","7,718","4.1%","5,728","3.9%","17,280","6.1%","5,087","4.2%","230","0.3%","989","1.5%","34,807","4.4%","4,482","5.5%","786","1.1%","1,774","1.9%","27,772","4.3%","1,949","2.4%","4,170","3.3%","12,032","3.4%","64,906","5.6%","1,466","2.0%","19,785","3.1%","3,279","1.8%","6,688","2.6%"
"        Native Hawaiian and Other Pacific Islander","2,232","0.5%","N","N","N","N","806","0.4%","1,366","0.8%","N","N","N","N","N","N","N","N","N","N","347","0.2%","329","0.2%","N","N","N","N","594","0.5%","354","0.5%","N","N","N","N","1,376","0.2%","1,189","0.4%","808","0.4%","N","N","N","N","1,911","1.6%","N","N","N","N","1,849","0.2%","246","0.3%","N","N","N","N","2,580","0.4%","N","N","489","0.4%","4,193","1.2%","26,316","2.3%","1,934","2.7%","12,287","1.9%","1,229","0.7%","1,572","0.6%"
"        Some other race","7,948","1.7%","3,081","3.5%","4,703","4.0%","37,190","16.2%","1,751","1.1%","2,391","2.8%","593","0.5%","N","N","2,101","0.7%","513","0.4%","1,157","0.8%","1,418","0.7%","1,034","1.3%","N","N","2,147","1.9%","N","N","409","0.3%","2,920","1.8%","11,198","2.0%","5,720","1.8%","4,557","2.4%","2,368","1.6%","5,128","1.8%","3,842","3.2%","534","0.7%","2,596","3.8%","27,041","3.4%","1,390","1.7%","197","0.3%","1,164","1.3%","20,371","3.1%","1,955","2.4%","2,170","1.7%","7,431","2.1%","97,409","8.4%","1,214","1.7%","12,603","2.0%","5,082","2.9%","7,287","2.8%"
"HISPANIC OR LATINO AND RACE","","","","","","","","","","","","","","","","","","","","","","","","","","","","","","","","","","","","","","","","","","","","","","","","","","","","","","","","","","","","","","","","","","","","","","","","","","","","","",""
"    Total population","481,587","481,587","87,808","87,808","119,062","119,062","229,849","229,849","165,697","165,697","86,878","86,878","108,277","108,277","67,055","67,055","295,003","295,003","122,302","122,302","152,148","152,148","207,641","207,641","81,366","81,366","103,806","103,806","114,434","114,434","69,432","69,432","119,600","119,600","161,300","161,300","571,327","571,327","319,090","319,090","187,196","187,196","148,306","148,306","284,014","284,014","120,749","120,749","71,522","71,522","67,997","67,997","797,434","797,434","81,784","81,784","72,592","72,592","92,459","92,459","651,552","651,552","81,289","81,289","128,289","128,289","355,481","355,481","1,160,437","1,160,437","72,259","72,259","636,235","636,235","177,556","177,556","260,213","260,213"
"        Hispanic or Latino (of any race)","41,045","8.5%","7,838","8.9%","15,940","13.4%","58,947","25.6%","8,187","4.9%","14,845","17.1%","2,100","1.9%","906","1.4%","6,367","2.2%","2,056","1.7%","2,236","1.5%","3,830","1.8%","3,859","4.7%","3,130","3.0%","4,558","4.0%","1,577","2.3%","4,094","3.4%","9,409","5.8%","73,944","12.9%","23,566","7.4%","18,861","10.1%","14,511","9.8%","26,249","9.2%","16,318","13.5%","3,292","4.6%","4,472","6.6%","142,911","17.9%","3,942","4.8%","3,901","5.4%","4,655","5.0%","86,586","13.3%","5,466","6.7%","14,022","10.9%","36,117","10.2%","218,243","18.8%","9,355","12.9%","77,455","12.2%","19,318","10.9%","48,757","18.7%"
"            Mexican","33,996","7.1%","N","N","N","N","53,048","23.1%","N","N","N","N","N","N","N","N","1,097","0.4%","419","0.3%","653","0.4%","N","N","N","N","N","N","N","N","N","N","N","N","N","N","53,815","9.4%","16,086","5.0%","12,933","6.9%","N","N","20,182","7.1%","10,849","9.0%","N","N","N","N","121,922","15.3%","2,934","3.6%","N","N","3,400","3.7%","65,873","10.1%","N","N","10,584","8.3%","24,248","6.8%","162,546","14.0%","N","N","51,361","8.1%","14,419","8.1%","36,629","14.1%"
"            Puerto Rican","617","0.1%","N","N","N","N","1,551","0.7%","N","N","N","N","N","N","N","N","1,018","0.3%","740","0.6%","521","0.3%","N","N","N","N","N","N","N","N","N","N","N","N","N","N","4,268","0.7%","1,605","0.5%","529","0.3%","N","N","2,105","0.7%","1,911","1.6%","N","N","N","N","2,346","0.3%","512","0.6%","N","N","407","0.4%","4,115","0.6%","N","N","396","0.3%","909","0.3%","3,903","0.3%","N","N","1,341","0.2%","425","0.2%","1,025","0.4%"
"            Cuban","158","0.0%","N","N","N","N","31","0.0%","N","N","N","N","N","N","N","N","700","0.2%","232","0.2%","34","0.0%","N","N","N","N","N","N","N","N","N","N","N","N","N","N","736","0.1%","1,215","0.4%","454","0.2%","N","N","131","0.0%","0","0.0%","N","N","N","N","368","0.0%","0","0.0%","N","N","0","0.0%","439","0.1%","N","N","83","0.1%","86","0.0%","2,243","0.2%","N","N","169","0.0%","0","0.0%","39","0.0%"
"            Other Hispanic or Latino","6,274","1.3%","N","N","N","N","4,317","1.9%","N","N","N","N","N","N","N","N","3,552","1.2%","665","0.5%","1,028","0.7%","N","N","N","N","N","N","N","N","N","N","N","N","N","N","15,125","2.6%","4,660","1.5%","4,945","2.6%","N","N","3,831","1.3%","3,558","2.9%","N","N","N","N","18,275","2.3%","496","0.6%","N","N","848","0.9%","16,159","2.5%","N","N","2,959","2.3%","10,874","3.1%","49,551","4.3%","N","N","24,584","3.9%","4,474","2.5%","11,064","4.3%"
"        Not Hispanic or Latino","440,542","91.5%","79,970","91.1%","103,122","86.6%","170,902","74.4%","157,510","95.1%","72,033","82.9%","106,177","98.1%","66,149","98.6%","288,636","97.8%","120,246","98.3%","149,912","98.5%","203,811","98.2%","77,507","95.3%","100,676","97.0%","109,876","96.0%","67,855","97.7%","115,506","96.6%","151,891","94.2%","497,383","87.1%","295,524","92.6%","168,335","89.9%","133,795","90.2%","257,765","90.8%","104,431","86.5%","68,230","95.4%","63,525","93.4%","654,523","82.1%","77,842","95.2%","68,691","94.6%","87,804","95.0%","564,966","86.7%","75,823","93.3%","114,267","89.1%","319,364","89.8%","942,194","81.2%","62,904","87.1%","558,780","87.8%","158,238","89.1%","211,456","81.3%"
"            White alone","404,824","84.1%","73,062","83.2%","98,230","82.5%","160,050","69.6%","149,586","90.3%","N","N","97,658","90.2%","62,848","93.7%","265,122","89.9%","115,398","94.4%","141,246","92.8%","194,994","93.9%","69,115","84.9%","96,061","92.5%","104,130","91.0%","63,216","91.0%","106,429","89.0%","138,599","85.9%","392,770","68.7%","256,800","80.5%","149,585","79.9%","111,092","74.9%","200,788","70.7%","67,276","55.7%","53,814","75.2%","37,713","55.5%","441,194","55.3%","62,655","76.6%","52,180","71.9%","65,792","71.2%","397,665","61.0%","57,340","70.5%","107,176","83.5%","295,057","83.0%","812,782","70.0%","N","N","519,229","81.6%","148,785","83.8%","195,810","75.2%"
"            Black or African American alone","6,533","1.4%","729","0.8%","374","0.3%","1,063","0.5%","340","0.2%","N","N","3,598","3.3%","619","0.9%","9,340","3.2%","1,725","1.4%","1,313","0.9%","2,374","1.1%","776","1.0%","340","0.3%","1,027","0.9%","617","0.9%","968","0.8%","349","0.2%","63,312","11.1%","12,264","3.8%","7,146","3.8%","5,621","3.8%","13,662","4.8%","16,979","14.1%","1,572","2.2%","7,180","10.6%","117,666","14.8%","2,970","3.6%","2,526","3.5%","791","0.9%","63,985","9.8%","2,959","3.6%","857","0.7%","4,022","1.1%","22,202","1.9%","N","N","2,682","0.4%","1,498","0.8%","2,537","1.0%"
"            American Indian and Alaska Native alone","2,426","0.5%","2,090","2.4%","319","0.3%","1,188","0.5%","1,340","0.8%","N","N","8","0.0%","1,452","2.2%","870","0.3%","132","0.1%","2,101","1.4%","1,245","0.6%","3,939","4.8%","1,631","1.6%","1,095","1.0%","461","0.7%","1,890","1.6%","7,273","4.5%","3,246","0.6%","1,677","0.5%","908","0.5%","6,355","4.3%","12,230","4.3%","4,817","4.0%","9,286","13.0%","11,533","17.0%","23,706","3.0%","3,219","3.9%","9,929","13.7%","12,002","13.0%","33,594","5.2%","7,342","9.0%","470","0.4%","1,289","0.4%","7,734","0.7%","N","N","2,263","0.4%","1,482","0.8%","1,721","0.7%"
"            Asian alone","10,936","2.3%","1,652","1.9%","1,327","1.1%","2,289","1.0%","1,812","1.1%","N","N","1,039","1.0%","301","0.4%","6,543","2.2%","574","0.5%","1,708","1.1%","2,205","1.1%","164","0.2%","910","0.9%","1,179","1.0%","544","0.8%","2,390","2.0%","1,123","0.7%","22,590","4.0%","14,564","4.6%","4,496","2.4%","5,008","3.4%","13,248","4.7%","3,027","2.5%","69","0.1%","369","0.5%","27,684","3.5%","3,633","4.4%","426","0.6%","1,412","1.5%","23,166","3.6%","1,300","1.6%","3,357","2.6%","6,788","1.9%","48,128","4.1%","N","N","8,588","1.3%","1,186","0.7%","3,481","1.3%"
"            Native Hawaiian and Other Pacific Islander alone","627","0.1%","12","0.0%","14","0.0%","164","0.1%","0","0.0%","N","N","0","0.0%","0","0.0%","30","0.0%","0","0.0%","65","0.0%","56","0.0%","9","0.0%","0","0.0%","0","0.0%","0","0.0%","0","0.0%","0","0.0%","96","0.0%","539","0.2%","711","0.4%","0","0.0%","118","0.0%","86","0.1%","8","0.0%","0","0.0%","656","0.1%","15","0.0%","0","0.0%","0","0.0%","803","0.1%","0","0.0%","12","0.0%","2,949","0.8%","17,721","1.5%","N","N","5,903","0.9%","389","0.2%","610","0.2%"
"            Some other race alone","1,003","0.2%","130","0.1%","38","0.0%","852","0.4%","0","0.0%","N","N","0","0.0%","0","0.0%","768","0.3%","43","0.0%","914","0.6%","0","0.0%","0","0.0%","90","0.1%","330","0.3%","0","0.0%","22","0.0%","38","0.0%","34","0.0%","377","0.1%","347","0.2%","89","0.1%","336","0.1%","104","0.1%","0","0.0%","0","0.0%","1,087","0.1%","0","0.0%","0","0.0%","0","0.0%","945","0.1%","239","0.3%","0","0.0%","759","0.2%","3,235","0.3%","N","N","761","0.1%","915","0.5%","838","0.3%"
"            Two or more races","14,193","2.9%","2,295","2.6%","2,820","2.4%","5,296","2.3%","4,432","2.7%","N","N","3,874","3.6%","929","1.4%","5,963","2.0%","2,374","1.9%","2,565","1.7%","2,937","1.4%","3,504","4.3%","1,644","1.6%","2,115","1.8%","3,017","4.3%","3,807","3.2%","4,509","2.8%","15,335","2.7%","9,303","2.9%","5,142","2.7%","5,630","3.8%","17,383","6.1%","12,142","10.1%","3,481","4.9%","6,730","9.9%","42,530","5.3%","5,350","6.5%","3,630","5.0%","7,807","8.4%","44,808","6.9%","6,643","8.2%","2,395","1.9%","8,500","2.4%","30,392","2.6%","N","N","19,354","3.0%","3,983","2.2%","6,459","2.5%"
"                Two races including Some other race","139","0.0%","0","0.0%","0","0.0%","81","0.0%","90","0.1%","N","N","184","0.2%","7","0.0%","145","0.0%","0","0.0%","0","0.0%","278","0.1%","0","0.0%","0","0.0%","0","0.0%","0","0.0%","54","0.0%","778","0.5%","408","0.1%","137","0.0%","220","0.1%","0","0.0%","463","0.2%","202","0.2%","101","0.1%","0","0.0%","452","0.1%","94","0.1%","0","0.0%","69","0.1%","528","0.1%","0","0.0%","0","0.0%","314","0.1%","479","0.0%","N","N","117","0.0%","0","0.0%","299","0.1%"
"                Two races excluding Some other race, and Three or more races","14,054","2.9%","2,295","2.6%","2,820","2.4%","5,215","2.3%","4,342","2.6%","N","N","3,690","3.4%","922","1.4%","5,818","2.0%","2,374","1.9%","2,565","1.7%","2,659","1.3%","3,504","4.3%","1,644","1.6%","2,115","1.8%","3,017","4.3%","3,753","3.1%","3,731","2.3%","14,927","2.6%","9,166","2.9%","4,922","2.6%","5,630","3.8%","16,920","6.0%","11,940","9.9%","3,380","4.7%","6,730","9.9%","42,078","5.3%","5,256","6.4%","3,630","5.0%","7,738","8.4%","44,280","6.8%","6,643","8.2%","2,395","1.9%","8,186","2.3%","29,913","2.6%","N","N","19,237","3.0%","3,983","2.2%","6,160","2.4%"
"Total housing units","192,646","(X)","34,845","(X)","44,559","(X)","80,065","(X)","74,620","(X)","34,190","(X)","50,309","(X)","40,043","(X)","147,042","(X)","63,231","(X)","76,369","(X)","112,070","(X)","39,203","(X)","49,527","(X)","52,558","(X)","31,942","(X)","55,544","(X)","73,855","(X)","239,730","(X)","134,993","(X)","71,060","(X)","49,464","(X)","117,077","(X)","51,654","(X)","30,776","(X)","30,949","(X)","343,982","(X)","36,849","(X)","29,943","(X)","38,955","(X)","285,880","(X)","33,217","(X)","43,162","(X)","112,486","(X)","411,484","(X)","23,170","(X)","186,547","(X)","74,135","(X)","94,290","(X)"
"CITIZEN, VOTING AGE POPULATION","","","","","","","","","","","","","","","","","","","","","","","","","","","","","","","","","","","","","","","","","","","","","","","","","","","","","","","","","","","","","","","","","","","","","","","","","","","","","",""
"    Citizen, 18 and over population","357,306","357,306","64,055","64,055","80,505","80,505","157,029","157,029","126,057","126,057","58,406","58,406","83,221","83,221","54,086","54,086","233,875","233,875","98,670","98,670","123,660","123,660","166,640","166,640","62,825","62,825","79,907","79,907","91,029","91,029","55,168","55,168","96,101","96,101","122,103","122,103","394,355","394,355","235,253","235,253","132,564","132,564","107,418","107,418","215,040","215,040","90,776","90,776","54,273","54,273","50,480","50,480","549,062","549,062","61,628","61,628","55,105","55,105","69,652","69,652","457,646","457,646","60,698","60,698","84,765","84,765","235,395","235,395","768,155","768,155","48,276","48,276","403,861","403,861","126,332","126,332","180,498","180,498"
"        Male","177,413","49.7%","32,105","50.1%","40,028","49.7%","77,760","49.5%","61,374","48.7%","28,297","48.4%","40,701","48.9%","26,576","49.1%","111,816","47.8%","46,802","47.4%","60,634","49.0%","79,881","47.9%","31,473","50.1%","39,749","49.7%","48,195","52.9%","26,792","48.6%","47,408","49.3%","59,901","49.1%","191,838","48.6%","116,931","49.7%","65,091","49.1%","52,408","48.8%","106,895","49.7%","47,994","52.9%","26,368","48.6%","23,977","47.5%","262,961","47.9%","30,026","48.7%","25,895","47.0%","34,534","49.6%","218,544","47.8%","29,703","48.9%","42,229","49.8%","116,688","49.6%","384,759","50.1%","23,928","49.6%","202,539","50.2%","61,246","48.5%","90,164","50.0%"
"        Female","179,893","50.3%","31,950","49.9%","40,477","50.3%","79,269","50.5%","64,683","51.3%","30,109","51.6%","42,520","51.1%","27,510","50.9%","122,059","52.2%","51,868","52.6%","63,026","51.0%","86,759","52.1%","31,352","49.9%","40,158","50.3%","42,834","47.1%","28,376","51.4%","48,693","50.7%","62,202","50.9%","202,517","51.4%","118,322","50.3%","67,473","50.9%","55,010","51.2%","108,145","50.3%","42,782","47.1%","27,905","51.4%","26,503","52.5%","286,101","52.1%","31,602","51.3%","29,210","53.0%","35,118","50.4%","239,102","52.2%","30,995","51.1%","42,536","50.2%","118,707","50.4%","383,396","49.9%","24,348","50.4%","201,322","49.8%","65,086","51.5%","90,334","50.0%"