"Label","Androscoggin County, Maine!!Total!!Estimate","Androscoggin County, Maine!!Total!!Margin of Error","Androscoggin County, Maine!!Percent!!Estimate","Androscoggin County, Maine!!Percent!!Margin of Error","Androscoggin County, Maine!!Male!!Estimate","Androscoggin County, Maine!!Male!!Margin of Error","Androscoggin County, Maine!!Percent Male!!Estimate","Androscoggin County, Maine!!Percent Male!!Margin of Error","Androscoggin County, Maine!!Female!!Estimate","Androscoggin County, Maine!!Female!!Margin of Error","Androscoggin County, Maine!!Percent Female!!Estimate","Androscoggin County, Maine!!Percent Female!!Margin of Error","Aroostook County, Maine!!Total!!Estimate","Aroostook County, Maine!!Total!!Margin of Error","Aroostook County, Maine!!Percent!!Estimate","Aroostook County, Maine!!Percent!!Margin of Error","Aroostook County, Maine!!Male!!Estimate","Aroostook County, Maine!!Male!!Margin of Error","Aroostook County, Maine!!Percent Male!!Estimate","Aroostook County, Maine!!Percent Male!!Margin of Error","Aroostook County, Maine!!Female!!Estimate","Aroostook County, Maine!!Female!!Margin of Error","Aroostook County, Maine!!Percent Female!!Estimate","Aroostook County, Maine!!Percent Female!!Margin of Error","Cumberland County, Maine!!Total!!Estimate","Cumberland County, Maine!!Total!!Margin of Error","Cumberland County, Maine!!Percent!!Estimate","Cumberland County, Maine!!Percent!!Margin of Error","Cumberland County, Maine!!Male!!Estimate","Cumberland County, Maine!!Male!!Margin of Error","Cumberland County, Maine!!Percent Male!!Estimate","Cumberland County, Maine!!Percent Male!!Margin of Error","Cumberland County, Maine!!Female!!Estimate","Cumberland County, Maine!!Female!!Margin of Error","Cumberland County, Maine!!Percent Female!!Estimate","Cumberland County, Maine!!Percent Female!!Margin of Error","Franklin County, Maine!!Total!!Estimate","Franklin County, Maine!!Total!!Margin of Error","Franklin County, Maine!!Percent!!Estimate","Franklin County, Maine!!Percent!!Margin of Error","Franklin County, Maine!!Male!!Estimate","Franklin County, Maine!!Male!!Margin of Error","Franklin County, Maine!!Percent Male!!Estimate","Franklin County, Maine!!Percent Male!!Margin of Error","Franklin County, Maine!!Female!!Estimate","Franklin County, Maine!!Female!!Margin of Error","Franklin County, Maine!!Percent Female!!Estimate","Franklin County, Maine!!Percent Female!!Margin of Error","Hancock County, Maine!!Total!!Estimate","Hancock County, Maine!!Total!!Margin of Error","Hancock County, Maine!!Percent!!Estimate","Hancock County, Maine!!Percent!!Margin of Error","Hancock County, Maine!!Male!!Estimate","Hancock County, Maine!!Male!!Margin of Error","Hancock County, Maine!!Percent Male!!Estimate","Hancock County, Maine!!Percent Male!!Margin of Error","Hancock County, Maine!!Female!!Estimate","Hancock County, Maine!!Female!!Margin of Error","Hancock County, Maine!!Percent Female!!Estimate","Hancock County, Maine!!Percent Female!!Margin of Error","Kennebec County, Maine!!Total!!Estimate","Kennebec County, Maine!!Total!!Margin of Error","Kennebec County, Maine!!Percent!!Estimate","Kennebec County, Maine!!Percent!!Margin of Error","Kennebec County, Maine!!Male!!Estimate","Kennebec County, Maine!!Male!!Margin of Error","Kennebec County, Maine!!Percent Male!!Estimate","Kennebec County, Maine!!Percent Male!!Margin of Error","Kennebec County, Maine!!Female!!Estimate","Kennebec County, Maine!!Female!!Margin of Error","Kennebec County, Maine!!Percent Female!!Estimate","Kennebec County, Maine!!Percent Female!!Margin of Error","Knox County, Maine!!Total!!Estimate","Knox County, Maine!!Total!!Margin of Error","Knox County, Maine!!Percent!!Estimate","Knox County, Maine!!Percent!!Margin of Error","Knox County, Maine!!Male!!Estimate","Knox County, Maine!!Male!!Margin of Error","Knox County, Maine!!Percent Male!!Estimate","Knox County, Maine!!Percent Male!!Margin of Error","Knox County, Maine!!Female!!Estimate","Knox County, Maine!!Female!!Margin of Error","Knox County, Maine!!Percent Female!!Estimate","Knox County, Maine!!Percent Female!!Margin of Error","Lincoln County, Maine!!Total!!Estimate","Lincoln County, Maine!!Total!!Margin of Error","Lincoln County, Maine!!Percent!!Estimate","Lincoln County, Maine!!Percent!!Margin of Error","Lincoln County, Maine!!Male!!Estimate","Lincoln County, Maine!!Male!!Margin of Error","Lincoln County, Maine!!Percent Male!!Estimate","Lincoln County, Maine!!Percent Male!!Margin of Error","Lincoln County, Maine!!Female!!Estimate","Lincoln County, Maine!!Female!!Margin of Error","Lincoln County, Maine!!Percent Female!!Estimate","Lincoln County, Maine!!Percent Female!!Margin of Error","Oxford County, Maine!!Total!!Estimate","Oxford County, Maine!!Total!!Margin of Error","Oxford County, Maine!!Percent!!Estimate","Oxford County, Maine!!Percent!!Margin of Error","Oxford County, Maine!!Male!!Estimate","Oxford County, Maine!!Male!!Margin of Error","Oxford County, Maine!!Percent Male!!Estimate","Oxford County, Maine!!Percent Male!!Margin of Error","Oxford County, Maine!!Female!!Estimate","Oxford County, Maine!!Female!!Margin of Error","Oxford County, Maine!!Percent Female!!Estimate","Oxford County, Maine!!Percent Female!!Margin of Error","Penobscot County, Maine!!Total!!Estimate","Penobscot County, Maine!!Total!!Margin of Error","Penobscot County, Maine!!Percent!!Estimate","Penobscot County, Maine!!Percent!!Margin of Error","Penobscot County, Maine!!Male!!Estimate","Penobscot County, Maine!!Male!!Margin of Error","Penobscot County, Maine!!Percent Male!!Estimate","Penobscot County, Maine!!Percent Male!!Margin of Error","Penobscot County, Maine!!Female!!Estimate","Penobscot County, Maine!!Female!!Margin of Error","Penobscot County, Maine!!Percent Female!!Estimate","Penobscot County, Maine!!Percent Female!!Margin of Error","Piscataquis County, Maine!!Total!!Estimate","Piscataquis County, Maine!!Total!!Margin of Error","Piscataquis County, Maine!!Percent!!Estimate","Piscataquis County, Maine!!Percent!!Margin of Error","Piscataquis County, Maine!!Male!!Estimate","Piscataquis County, Maine!!Male!!Margin of Error","Piscataquis County, Maine!!Percent Male!!Estimate","Piscataquis County, Maine!!Percent Male!!Margin of Error","Piscataquis County, Maine!!Female!!Estimate","Piscataquis County, Maine!!Female!!Margin of Error","Piscataquis County, Maine!!Percent Female!!Estimate","Piscataquis County, Maine!!Percent Female!!Margin of Error","Sagadahoc County, Maine!!Total!!Estimate","Sagadahoc County, Maine!!Total!!Margin of Error","Sagadahoc County, Maine!!Percent!!Estimate","Sagadahoc County, Maine!!Percent!!Margin of Error","Sagadahoc County, Maine!!Male!!Estimate","Sagadahoc County, Maine!!Male!!Margin of Error","Sagadahoc County, Maine!!Percent Male!!Estimate","Sagadahoc County, Maine!!Percent Male!!Margin of Error","Sagadahoc County, Maine!!Female!!Estimate","Sagadahoc County, Maine!!Female!!Margin of Error","Sagadahoc County, Maine!!Percent Female!!Estimate","Sagadahoc County, Maine!!Percent Female!!Margin of Error","Somerset County, Maine!!Total!!Estimate","Somerset County, Maine!!Total!!Margin of Error","Somerset County, Maine!!Percent!!Estimate","Somerset County, Maine!!Percent!!Margin of Error","Somerset County, Maine!!Male!!Estimate","Somerset County, Maine!!Male!!Margin of Error","Somerset County, Maine!!Percent Male!!Estimate","Somerset County, Maine!!Percent Male!!Margin of Error","Somerset County, Maine!!Female!!Estimate","Somerset County, Maine!!Female!!Margin of Error","Somerset County, Maine!!Percent Female!!Estimate","Somerset County, Maine!!Percent Female!!Margin of Error","Waldo County, Maine!!Total!!Estimate","Waldo County, Maine!!Total!!Margin of Error","Waldo County, Maine!!Percent!!Estimate","Waldo County, Maine!!Percent!!Margin of Error","Waldo County, Maine!!Male!!Estimate","Waldo County, Maine!!Male!!Margin of Error","Waldo County, Maine!!Percent Male!!Estimate","Waldo County, Maine!!Percent Male!!Margin of Error","Waldo County, Maine!!Female!!Estimate","Waldo County, Maine!!Female!!Margin of Error","Waldo County, Maine!!Percent Female!!Estimate","Waldo County, Maine!!Percent Female!!Margin of Error","Washington County, Maine!!Total!!Estimate","Washington County, Maine!!Total!!Margin of Error","Washington County, Maine!!Percent!!Estimate","Washington County, Maine!!Percent!!Margin of Error","Washington County, Maine!!Male!!Estimate","Washington County, Maine!!Male!!Margin of Error","Washington County, Maine!!Percent Male!!Estimate","Washington County, Maine!!Percent Male!!Margin of Error","Washington County, Maine!!Female!!Estimate","Washington County, Maine!!Female!!Margin of Error","Washington County, Maine!!Percent Female!!Estimate","Washington County, Maine!!Percent Female!!Margin of Error","York County, Maine!!Total!!Estimate","York County, Maine!!Total!!Margin of Error","York County, Maine!!Percent!!Estimate","York County, Maine!!Percent!!Margin of Error","York County, Maine!!Male!!Estimate","York County, Maine!!Male!!Margin of Error","York County, Maine!!Percent Male!!Estimate","York County, Maine!!Percent Male!!Margin of Error","York County, Maine!!Female!!Estimate","York County, Maine!!Female!!Margin of Error","York County, Maine!!Percent Female!!Estimate","York County, Maine!!Percent Female!!Margin of Error"
"AGE BY EDUCATIONAL ATTAINMENT","","","","","","","","","","","","","","","","","","","","","","","","","","","","","","","","","","","","","","","","","","","","","","","","","","","","","","","","","","","","","","","","","","","","","","","","","","","","","","","","","","","","","","","","","","","","","","","","","","","","","","","","","","","","","","","","","","","","","","","","","","","","","","","","","","","","","","","","","","","","","","","","","","","","","","","","","","","","","","","","","","","","","","","","","","","","","","","","","","","","","","","","","","","","","","","",""
"    Population 18 to 24 years","9,427","±102","(X)","(X)","4,774","±88","(X)","(X)","4,653","±67","(X)","(X)","5,046","±121","(X)","(X)","2,674","±113","(X)","(X)","2,372","±46","(X)","(X)","25,629","±153","(X)","(X)","13,048","±82","(X)","(X)","12,581","±118","(X)","(X)","2,977","±103","(X)","(X)","1,371","±81","(X)","(X)","1,606","±68","(X)","(X)","3,596","±73","(X)","(X)","1,968","±62","(X)","(X)","1,628","±39","(X)","(X)","10,269","±178","(X)","(X)","5,242","±113","(X)","(X)","5,027","±113","(X)","(X)","2,564","±72","(X)","(X)","1,351","±50","(X)","(X)","1,213","±60","(X)","(X)","2,159","±45","(X)","(X)","1,108","±27","(X)","(X)","1,051","±37","(X)","(X)","3,945","±123","(X)","(X)","2,069","±78","(X)","(X)","1,876","±93","(X)","(X)","16,100","±203","(X)","(X)","8,712","±128","(X)","(X)","7,388","±138","(X)","(X)","1,038","±73","(X)","(X)","540","±55","(X)","(X)","498","±32","(X)","(X)","2,160","±75","(X)","(X)","1,107","±67","(X)","(X)","1,053","±47","(X)","(X)","3,407","±58","(X)","(X)","1,810","±54","(X)","(X)","1,597","±32","(X)","(X)","2,901","±66","(X)","(X)","1,492","±43","(X)","(X)","1,409","±50","(X)","(X)","2,391","±80","(X)","(X)","1,216","±48","(X)","(X)","1,175","±44","(X)","(X)","15,268","±269","(X)","(X)","7,661","±173","(X)","(X)","7,607","±181","(X)","(X)"
"        Less than high school graduate","1,074","±192","11.4%","±2.0","548","±150","11.5%","±3.1","526","±126","11.3%","±2.7","620","±139","12.3%","±2.7","319","±99","11.9%","±3.6","301","±97","12.7%","±4.1","2,156","±326","8.4%","±1.3","1,349","±248","10.3%","±1.9","807","±206","6.4%","±1.6","267","±99","9.0%","±3.3","179","±95","13.1%","±6.4","88","±64","5.5%","±4.0","305","±86","8.5%","±2.4","122","±64","6.2%","±3.2","183","±69","11.2%","±4.2","1,274","±307","12.4%","±3.0","778","±259","14.8%","±4.9","496","±154","9.9%","±3.1","306","±123","11.9%","±4.8","195","±89","14.4%","±6.7","111","±68","9.2%","±5.6","439","±140","20.3%","±6.4","225","±71","20.3%","±6.3","214","±118","20.4%","±11.1","578","±170","14.7%","±4.2","292","±87","14.1%","±4.1","286","±107","15.2%","±5.6","1,473","±249","9.1%","±1.6","886","±223","10.2%","±2.6","587","±156","7.9%","±2.1","226","±87","21.8%","±7.7","114","±54","21.1%","±9.5","112","±76","22.5%","±14.9","236","±126","10.9%","±5.8","127","±69","11.5%","±6.3","109","±98","10.4%","±9.3","622","±137","18.3%","±3.9","335","±114","18.5%","±6.1","287","±86","18.0%","±5.4","392","±131","13.5%","±4.6","241","±81","16.2%","±5.6","151","±75","10.7%","±5.4","325","±67","13.6%","±2.8","171","±54","14.1%","±4.5","154","±44","13.1%","±3.6","1,741","±278","11.4%","±1.8","1,104","±217","14.4%","±2.7","637","±174","8.4%","±2.3"
"        High school graduate (includes equivalency)","3,446","±379","36.6%","±4.0","1,690","±251","35.4%","±5.3","1,756","±237","37.7%","±5.0","1,770","±197","35.1%","±3.9","974","±157","36.4%","±6.1","796","±150","33.6%","±6.1","6,620","±668","25.8%","±2.6","3,637","±440","27.9%","±3.4","2,983","±398","23.7%","±3.1","1,073","±151","36.0%","±5.2","401","±108","29.2%","±8.2","672","±134","41.8%","±8.8","1,131","±183","31.5%","±5.1","537","±115","27.3%","±6.0","594","±122","36.5%","±7.5","3,500","±398","34.1%","±3.8","1,787","±256","34.1%","±4.9","1,713","±261","34.1%","±5.1","1,188","±187","46.3%","±7.5","628","±138","46.5%","±10.0","560","±140","46.2%","±11.6","996","±143","46.1%","±6.5","616","±118","55.6%","±10.6","380","±103","36.2%","±9.8","1,679","±247","42.6%","±6.3","1,005","±167","48.6%","±7.8","674","±151","35.9%","±8.3","4,328","±382","26.9%","±2.4","2,482","±289","28.5%","±3.3","1,846","±231","25.0%","±3.1","322","±75","31.0%","±7.9","221","±61","40.9%","±12.8","101","±53","20.3%","±10.9","1,032","±205","47.8%","±9.1","520","±158","47.0%","±13.5","512","±134","48.6%","±12.5","1,324","±206","38.9%","±6.1","812","±169","44.9%","±9.4","512","±139","32.1%","±8.7","1,135","±134","39.1%","±4.4","620","±104","41.6%","±6.8","515","±95","36.6%","±6.4","962","±107","40.2%","±3.9","605","±81","49.8%","±6.0","357","±72","30.4%","±5.9","5,606","±570","36.7%","±3.8","3,122","±382","40.8%","±5.0","2,484","±340","32.7%","±4.6"
"        Some college or associate's degree","3,987","±367","42.3%","±3.9","2,003","±253","42.0%","±5.2","1,984","±259","42.6%","±5.6","2,401","±197","47.6%","±3.5","1,304","±188","48.8%","±6.2","1,097","±110","46.2%","±4.7","12,427","±617","48.5%","±2.4","6,084","±465","46.6%","±3.5","6,343","±443","50.4%","±3.6","1,391","±229","46.7%","±7.4","692","±134","50.5%","±10.1","699","±171","43.5%","±9.8","1,746","±179","48.6%","±4.8","1,119","±148","56.9%","±7.1","627","±128","38.5%","±7.9","4,454","±327","43.4%","±3.0","2,227","±266","42.5%","±4.8","2,227","±239","44.3%","±4.6","937","±192","36.5%","±7.1","474","±140","35.1%","±10.2","463","±138","38.2%","±10.8","563","±137","26.1%","±6.5","225","±83","20.3%","±7.5","338","±96","32.2%","±9.3","1,360","±248","34.5%","±6.2","644","±158","31.1%","±7.6","716","±178","38.2%","±8.9","8,838","±453","54.9%","±2.7","4,651","±318","53.4%","±3.7","4,187","±292","56.7%","±3.5","427","±91","41.1%","±8.0","168","±64","31.1%","±10.1","259","±75","52.0%","±14.9","777","±173","36.0%","±8.0","384","±111","34.7%","±10.1","393","±124","37.3%","±11.4","1,207","±180","35.4%","±5.3","584","±132","32.3%","±7.2","623","±145","39.0%","±9.0","1,093","±135","37.7%","±4.4","540","±98","36.2%","±6.3","553","±95","39.2%","±6.3","1,001","±93","41.9%","±4.0","409","±71","33.6%","±5.9","592","±68","50.4%","±5.8","5,972","±532","39.1%","±3.3","2,442","±334","31.9%","±4.2","3,530","±367","46.4%","±4.5"
"        Bachelor's degree or higher","920","±293","9.8%","±3.1","533","±178","11.2%","±3.7","387","±169","8.3%","±3.6","255","±80","5.1%","±1.6","77","±52","2.9%","±1.9","178","±64","7.5%","±2.7","4,426","±518","17.3%","±2.0","1,978","±419","15.2%","±3.2","2,448","±309","19.5%","±2.4","246","±129","8.3%","±4.3","99","±71","7.2%","±5.1","147","±83","9.2%","±5.2","414","±113","11.5%","±3.2","190","±94","9.7%","±4.8","224","±76","13.8%","±4.6","1,041","±298","10.1%","±2.9","450","±148","8.6%","±2.9","591","±253","11.8%","±5.0","133","±53","5.2%","±2.0","54","±33","4.0%","±2.4","79","±42","6.5%","±3.4","161","±78","7.5%","±3.6","42","±35","3.8%","±3.2","119","±67","11.3%","±6.5","328","±133","8.3%","±3.4","128","±71","6.2%","±3.5","200","±100","10.7%","±5.4","1,461","±272","9.1%","±1.7","693","±205","8.0%","±2.3","768","±154","10.4%","±2.1","63","±50","6.1%","±4.8","37","±38","6.9%","±7.0","26","±18","5.2%","±3.8","115","±55","5.3%","±2.6","76","±46","6.9%","±4.1","39","±31","3.7%","±2.9","254","±122","7.5%","±3.6","79","±64","4.4%","±3.5","175","±115","11.0%","±7.1","281","±84","9.7%","±2.9","91","±45","6.1%","±3.0","190","±61","13.5%","±4.4","103","±40","4.3%","±1.7","31","±24","2.5%","±2.0","72","±36","6.1%","±3.1","1,949","±287","12.8%","±1.9","993","±209","13.0%","±2.7","956","±207","12.6%","±2.7"
"    Population 25 years and over","74,726","±102","(X)","(X)","35,895","±115","(X)","(X)","38,831","±62","(X)","(X)","50,280","±121","(X)","(X)","24,374","±123","(X)","(X)","25,906","±48","(X)","(X)","211,601","±154","(X)","(X)","100,578","±83","(X)","(X)","111,023","±118","(X)","(X)","21,589","±116","(X)","(X)","10,561","±88","(X)","(X)","11,028","±70","(X)","(X)","41,572","±73","(X)","(X)","19,719","±67","(X)","(X)","21,853","±47","(X)","(X)","87,875","±151","(X)","(X)","42,046","±94","(X)","(X)","45,829","±118","(X)","(X)","30,014","±85","(X)","(X)","14,647","±118","(X)","(X)","15,367","±112","(X)","(X)","26,321","±46","(X)","(X)","12,610","±57","(X)","(X)","13,711","±54","(X)","(X)","42,832","±122","(X)","(X)","20,751","±78","(X)","(X)","22,081","±91","(X)","(X)","107,888","±205","(X)","(X)","52,147","±141","(X)","(X)","55,741","±147","(X)","(X)","12,888","±52","(X)","(X)","6,411","±59","(X)","(X)","6,477","±53","(X)","(X)","26,547","±85","(X)","(X)","12,798","±135","(X)","(X)","13,749","±101","(X)","(X)","37,376","±57","(X)","(X)","18,300","±76","(X)","(X)","19,076","±66","(X)","(X)","29,220","±68","(X)","(X)","14,047","±89","(X)","(X)","15,173","±72","(X)","(X)","23,107","±80","(X)","(X)","11,224","±58","(X)","(X)","11,883","±54","(X)","(X)","150,281","±270","(X)","(X)","71,863","±189","(X)","(X)","78,418","±200","(X)","(X)"
"        Less than 9th grade","2,893","±390","3.9%","±0.5","1,354","±214","3.8%","±0.6","1,539","±285","4.0%","±0.7","2,438","±288","4.8%","±0.6","1,264","±182","5.2%","±0.7","1,174","±200","4.5%","±0.8","3,694","±414","1.7%","±0.2","1,907","±310","1.9%","±0.3","1,787","±248","1.6%","±0.2","334","±83","1.5%","±0.4","201","±63","1.9%","±0.6","133","±49","1.2%","±0.4","835","±187","2.0%","±0.5","497","±152","2.5%","±0.8","338","±92","1.5%","±0.4","2,646","±375","3.0%","±0.4","1,689","±294","4.0%","±0.7","957","±200","2.1%","±0.4","485","±138","1.6%","±0.5","345","±118","2.4%","±0.8","140","±61","0.9%","±0.4","541","±123","2.1%","±0.5","306","±95","2.4%","±0.8","235","±72","1.7%","±0.5","921","±228","2.2%","±0.5","486","±145","2.3%","±0.7","435","±135","2.0%","±0.6","2,872","±412","2.7%","±0.4","1,575","±276","3.0%","±0.5","1,297","±259","2.3%","±0.5","454","±90","3.5%","±0.7","300","±74","4.7%","±1.2","154","±61","2.4%","±0.9","394","±141","1.5%","±0.5","237","±100","1.9%","±0.8","157","±78","1.1%","±0.6","1,254","±262","3.4%","±0.7","668","±165","3.7%","±0.9","586","±157","3.1%","±0.8","699","±201","2.4%","±0.7","427","±148","3.0%","±1.1","272","±101","1.8%","±0.7","915","±130","4.0%","±0.6","485","±78","4.3%","±0.7","430","±100","3.6%","±0.8","3,609","±467","2.4%","±0.3","1,701","±270","2.4%","±0.4","1,908","±419","2.4%","±0.5"
"        9th to 12th grade, no diploma","4,444","±418","5.9%","±0.6","2,399","±305","6.7%","±0.8","2,045","±281","5.3%","±0.7","3,308","±322","6.6%","±0.6","1,807","±214","7.4%","±0.9","1,501","±211","5.8%","±0.8","6,571","±531","3.1%","±0.3","3,685","±380","3.7%","±0.4","2,886","±368","2.6%","±0.3","1,271","±236","5.9%","±1.1","776","±171","7.3%","±1.6","495","±125","4.5%","±1.1","1,633","±205","3.9%","±0.5","907","±145","4.6%","±0.7","726","±160","3.3%","±0.7","3,923","±413","4.5%","±0.5","2,174","±286","5.2%","±0.7","1,749","±257","3.8%","±0.6","1,445","±256","4.8%","±0.9","945","±186","6.5%","±1.3","500","±134","3.3%","±0.9","1,283","±260","4.9%","±1.0","710","±155","5.6%","±1.2","573","±182","4.2%","±1.3","2,531","±431","5.9%","±1.0","1,391","±217","6.7%","±1.0","1,140","±368","5.2%","±1.7","5,778","±543","5.4%","±0.5","3,359","±381","6.4%","±0.7","2,419","±340","4.3%","±0.6","801","±130","6.2%","±1.0","493","±103","7.7%","±1.6","308","±77","4.8%","±1.2","1,199","±222","4.5%","±0.8","729","±181","5.7%","±1.4","470","±106","3.4%","±0.8","3,080","±391","8.2%","±1.0","1,683","±310","9.2%","±1.7","1,397","±248","7.3%","±1.3","1,592","±249","5.4%","±0.9","967","±182","6.9%","±1.3","625","±148","4.1%","±1.0","1,558","±148","6.7%","±0.6","960","±133","8.6%","±1.2","598","±83","5.0%","±0.7","6,584","±648","4.4%","±0.4","3,690","±420","5.1%","±0.6","2,894","±400","3.7%","±0.5"
"        High school graduate (includes equivalency)","26,495","±1,028","35.5%","±1.4","13,844","±638","38.6%","±1.8","12,651","±672","32.6%","±1.7","18,745","±573","37.3%","±1.1","9,543","±402","39.2%","±1.7","9,202","±373","35.5%","±1.4","46,947","±1,588","22.2%","±0.8","23,477","±1,055","23.3%","±1.0","23,470","±1,015","21.1%","±0.9","8,210","±458","38.0%","±2.1","4,401","±297","41.7%","±2.8","3,809","±302","34.5%","±2.7","12,804","±522","30.8%","±1.2","6,540","±330","33.2%","±1.7","6,264","±405","28.7%","±1.8","28,732","±928","32.7%","±1.1","14,489","±501","34.5%","±1.2","14,243","±643","31.1%","±1.4","9,883","±483","32.9%","±1.6","5,214","±339","35.6%","±2.3","4,669","±344","30.4%","±2.2","9,050","±517","34.4%","±2.0","4,593","±299","36.4%","±2.4","4,457","±355","32.5%","±2.6","17,991","±665","42.0%","±1.5","9,445","±437","45.5%","±2.1","8,546","±464","38.7%","±2.1","36,204","±940","33.6%","±0.9","18,657","±639","35.8%","±1.2","17,547","±673","31.5%","±1.2","5,251","±299","40.7%","±2.3","2,811","±204","43.8%","±3.2","2,440","±194","37.7%","±3.0","7,955","±537","30.0%","±2.0","3,819","±331","29.8%","±2.6","4,136","±348","30.1%","±2.4","15,093","±542","40.4%","±1.4","7,988","±388","43.7%","±2.1","7,105","±443","37.2%","±2.3","9,406","±393","32.2%","±1.3","4,903","±294","34.9%","±2.1","4,503","±264","29.7%","±1.7","8,788","±288","38.0%","±1.3","4,564","±181","40.7%","±1.6","4,224","±209","35.5%","±1.8","45,035","±1,439","30.0%","±0.9","23,331","±1,133","32.5%","±1.6","21,704","±829","27.7%","±1.0"
"        Some college, no degree","15,312","±829","20.5%","±1.1","7,265","±567","20.2%","±1.6","8,047","±504","20.7%","±1.3","10,524","±556","20.9%","±1.1","4,706","±353","19.3%","±1.5","5,818","±386","22.5%","±1.5","35,271","±949","16.7%","±0.4","17,951","±814","17.8%","±0.8","17,320","±637","15.6%","±0.6","4,139","±360","19.2%","±1.7","1,945","±215","18.4%","±2.1","2,194","±262","19.9%","±2.3","8,348","±482","20.1%","±1.2","3,950","±354","20.0%","±1.8","4,398","±338","20.1%","±1.6","18,313","±777","20.8%","±0.9","8,529","±461","20.3%","±1.1","9,784","±611","21.3%","±1.3","5,781","±437","19.3%","±1.5","2,666","±288","18.2%","±2.0","3,115","±296","20.3%","±1.9","4,670","±363","17.7%","±1.4","2,167","±239","17.2%","±1.9","2,503","±248","18.3%","±1.8","8,304","±657","19.4%","±1.5","3,899","±319","18.8%","±1.5","4,405","±463","19.9%","±2.1","21,741","±890","20.2%","±0.8","10,577","±580","20.3%","±1.1","11,164","±625","20.0%","±1.1","2,351","±190","18.2%","±1.5","1,180","±139","18.4%","±2.2","1,171","±145","18.1%","±2.2","4,807","±414","18.1%","±1.5","2,463","±284","19.2%","±2.2","2,344","±255","17.0%","±1.8","7,234","±450","19.4%","±1.2","3,248","±343","17.7%","±1.9","3,986","±308","20.9%","±1.6","5,868","±445","20.1%","±1.5","2,620","±270","18.7%","±1.9","3,248","±302","21.4%","±2.0","4,636","±231","20.1%","±1.0","2,126","±167","18.9%","±1.5","2,510","±163","21.1%","±1.4","30,451","±1,179","20.3%","±0.8","14,143","±862","19.7%","±1.2","16,308","±771","20.8%","±1.0"
"        Associate's degree","8,566","±621","11.5%","±0.8","3,607","±385","10.0%","±1.1","4,959","±443","12.8%","±1.1","5,589","±315","11.1%","±0.6","2,785","±262","11.4%","±1.1","2,804","±252","10.8%","±1.0","18,386","±906","8.7%","±0.4","8,207","±554","8.2%","±0.5","10,179","±654","9.2%","±0.6","2,283","±301","10.6%","±1.4","948","±195","9.0%","±1.8","1,335","±222","12.1%","±2.0","3,794","±367","9.1%","±0.9","1,579","±235","8.0%","±1.2","2,215","±264","10.1%","±1.2","9,612","±683","10.9%","±0.8","4,140","±401","9.8%","±1.0","5,472","±526","11.9%","±1.1","2,354","±273","7.8%","±0.9","969","±180","6.6%","±1.2","1,385","±217","9.0%","±1.4","1,966","±238","7.5%","±0.9","833","±168","6.6%","±1.3","1,133","±158","8.3%","±1.2","4,860","±572","11.3%","±1.3","2,083","±318","10.0%","±1.5","2,777","±420","12.6%","±1.9","11,393","±680","10.6%","±0.6","4,828","±457","9.3%","±0.9","6,565","±423","11.8%","±0.8","1,658","±206","12.9%","±1.6","639","±121","10.0%","±1.9","1,019","±144","15.7%","±2.2","2,540","±287","9.6%","±1.1","1,223","±200","9.6%","±1.5","1,317","±190","9.6%","±1.4","4,556","±534","12.2%","±1.4","1,983","±338","10.8%","±1.9","2,573","±321","13.5%","±1.7","2,481","±280","8.5%","±1.0","1,141","±241","8.1%","±1.7","1,340","±159","8.8%","±1.0","2,118","±152","9.2%","±0.7","794","±86","7.1%","±0.8","1,324","±144","11.1%","±1.2","15,749","±875","10.5%","±0.6","6,903","±575","9.6%","±0.8","8,846","±697","11.3%","±0.9"
"        Bachelor's degree","11,335","±659","15.2%","±0.9","4,943","±375","13.8%","±1.0","6,392","±494","16.5%","±1.3","6,606","±434","13.1%","±0.9","2,920","±286","12.0%","±1.2","3,686","±290","14.2%","±1.1","61,773","±1,534","29.2%","±0.7","28,132","±1,034","28.0%","±1.0","33,641","±1,002","30.3%","±0.9","3,370","±307","15.6%","±1.4","1,425","±194","13.5%","±1.8","1,945","±236","17.6%","±2.2","8,328","±508","20.0%","±1.2","3,785","±300","19.2%","±1.5","4,543","±406","20.8%","±1.9","15,073","±767","17.2%","±0.9","6,704","±464","15.9%","±1.1","8,369","±554","18.3%","±1.2","6,348","±445","21.2%","±1.5","2,906","±312","19.8%","±2.1","3,442","±282","22.4%","±1.8","4,811","±353","18.3%","±1.3","2,113","±209","16.8%","±1.6","2,698","±237","19.7%","±1.7","5,456","±388","12.7%","±0.9","2,192","±256","10.6%","±1.2","3,264","±303","14.8%","±1.4","18,842","±886","17.5%","±0.8","8,067","±515","15.5%","±1.0","10,775","±655","19.3%","±1.2","1,659","±217","12.9%","±1.7","729","±145","11.4%","±2.3","930","±138","14.4%","±2.1","5,558","±412","20.9%","±1.6","2,709","±317","21.2%","±2.4","2,849","±281","20.7%","±2.1","4,368","±382","11.7%","±1.0","1,892","±226","10.3%","±1.2","2,476","±273","13.0%","±1.4","5,876","±436","20.1%","±1.5","2,472","±254","17.6%","±1.8","3,404","±296","22.4%","±1.9","3,251","±206","14.1%","±0.9","1,475","±138","13.1%","±1.2","1,776","±128","14.9%","±1.1","32,107","±1,242","21.4%","±0.8","15,157","±855","21.1%","±1.2","16,950","±827","21.6%","±1.1"
"        Graduate or professional degree","5,681","±551","7.6%","±0.7","2,483","±332","6.9%","±0.9","3,198","±299","8.2%","±0.8","3,070","±293","6.1%","±0.6","1,349","±220","5.5%","±0.9","1,721","±192","6.6%","±0.7","38,959","±1,318","18.4%","±0.6","17,219","±765","17.1%","±0.8","21,740","±936","19.6%","±0.8","1,982","±256","9.2%","±1.2","865","±151","8.2%","±1.4","1,117","±182","10.1%","±1.6","5,830","±391","14.0%","±0.9","2,461","±200","12.5%","±1.0","3,369","±300","15.4%","±1.4","9,576","±587","10.9%","±0.7","4,321","±336","10.3%","±0.8","5,255","±458","11.5%","±1.0","3,718","±368","12.4%","±1.2","1,602","±185","10.9%","±1.2","2,116","±281","13.8%","±1.8","4,000","±325","15.2%","±1.2","1,888","±183","15.0%","±1.4","2,112","±216","15.4%","±1.6","2,769","±267","6.5%","±0.6","1,255","±172","6.0%","±0.8","1,514","±187","6.9%","±0.8","11,058","±718","10.2%","±0.7","5,084","±390","9.7%","±0.7","5,974","±509","10.7%","±0.9","714","±153","5.5%","±1.2","259","±76","4.0%","±1.2","455","±113","7.0%","±1.7","4,094","±393","15.4%","±1.5","1,618","±252","12.6%","±2.0","2,476","±282","18.0%","±2.1","1,791","±278","4.8%","±0.7","838","±143","4.6%","±0.8","953","±206","5.0%","±1.1","3,298","±334","11.3%","±1.1","1,517","±202","10.8%","±1.4","1,781","±202","11.7%","±1.3","1,841","±122","8.0%","±0.5","820","±85","7.3%","±0.8","1,021","±92","8.6%","±0.8","16,746","±829","11.1%","±0.6","6,938","±495","9.7%","±0.7","9,808","±623","12.5%","±0.8"
"        High school graduate or higher","67,389","±510","90.2%","±0.7","32,142","±363","89.5%","±1.0","35,247","±369","90.8%","±0.9","44,534","±422","88.6%","±0.9","21,303","±274","87.4%","±1.2","23,231","±297","89.7%","±1.1","201,336","±692","95.1%","±0.3","94,986","±464","94.4%","±0.5","106,350","±461","95.8%","±0.4","19,984","±235","92.6%","±1.1","9,584","±177","90.7%","±1.7","10,400","±125","94.3%","±1.1","39,104","±313","94.1%","±0.7","18,315","±208","92.9%","±1.0","20,789","±200","95.1%","±0.9","81,306","±589","92.5%","±0.7","38,183","±374","90.8%","±0.9","43,123","±383","94.1%","±0.8","28,084","±322","93.6%","±1.0","13,357","±275","91.2%","±1.6","14,727","±192","95.8%","±1.1","24,497","±295","93.1%","±1.1","11,594","±196","91.9%","±1.5","12,903","±203","94.1%","±1.4","39,380","±488","91.9%","±1.1","18,874","±260","91.0%","±1.2","20,506","±397","92.9%","±1.8","99,238","±786","92.0%","±0.7","47,213","±527","90.5%","±1.0","52,025","±469","93.3%","±0.8","11,633","±172","90.3%","±1.2","5,618","±130","87.6%","±1.9","6,015","±102","92.9%","±1.3","24,954","±254","94.0%","±0.9","11,832","±230","92.5%","±1.5","13,122","±164","95.4%","±0.9","33,042","±456","88.4%","±1.2","15,949","±340","87.2%","±1.8","17,093","±278","89.6%","±1.4","26,929","±326","92.2%","±1.1","12,653","±227","90.1%","±1.5","14,276","±188","94.1%","±1.2","20,634","±197","89.3%","±0.8","9,779","±152","87.1%","±1.3","10,855","±132","91.3%","±1.1","140,088","±824","93.2%","±0.5","66,472","±529","92.5%","±0.7","73,616","±595","93.9%","±0.7"
"        Bachelor's degree or higher","17,016","±852","22.8%","±1.1","7,426","±501","20.7%","±1.4","9,590","±526","24.7%","±1.4","9,676","±557","19.2%","±1.1","4,269","±367","17.5%","±1.5","5,407","±330","20.9%","±1.3","100,732","±1,788","47.6%","±0.8","45,351","±1,068","45.1%","±1.1","55,381","±1,129","49.9%","±1.0","5,352","±368","24.8%","±1.7","2,290","±214","21.7%","±2.0","3,062","±275","27.8%","±2.5","14,158","±626","34.1%","±1.5","6,246","±335","31.7%","±1.7","7,912","±465","36.2%","±2.1","24,649","±878","28.1%","±1.0","11,025","±454","26.2%","±1.1","13,624","±654","29.7%","±1.4","10,066","±535","33.5%","±1.8","4,508","±340","30.8%","±2.3","5,558","±339","36.2%","±2.2","8,811","±447","33.5%","±1.7","4,001","±245","31.7%","±1.9","4,810","±300","35.1%","±2.2","8,225","±512","19.2%","±1.2","3,447","±334","16.6%","±1.6","4,778","±350","21.6%","±1.6","29,900","±1,131","27.7%","±1.0","13,151","±582","25.2%","±1.1","16,749","±810","30.0%","±1.4","2,373","±249","18.4%","±1.9","988","±162","15.4%","±2.5","1,385","±162","21.4%","±2.5","9,652","±548","36.4%","±2.1","4,327","±368","33.8%","±2.8","5,325","±344","38.7%","±2.6","6,159","±524","16.5%","±1.4","2,730","±274","14.9%","±1.5","3,429","±354","18.0%","±1.9","9,174","±513","31.4%","±1.8","3,989","±290","28.4%","±2.0","5,185","±330","34.2%","±2.2","5,092","±218","22.0%","±0.9","2,295","±151","20.4%","±1.3","2,797","±146","23.5%","±1.2","48,853","±1,353","32.5%","±0.9","22,095","±937","30.7%","±1.3","26,758","±877","34.1%","±1.1"
"    Population 25 to 34 years","13,046","±123","(X)","(X)","6,407","±104","(X)","(X)","6,639","±76","(X)","(X)","6,716","±111","(X)","(X)","3,394","±103","(X)","(X)","3,322","±61","(X)","(X)","39,350","±166","(X)","(X)","19,532","±94","(X)","(X)","19,818","±126","(X)","(X)","3,284","±99","(X)","(X)","1,693","±74","(X)","(X)","1,591","±62","(X)","(X)","6,001","±139","(X)","(X)","2,899","±87","(X)","(X)","3,102","±110","(X)","(X)","14,031","±190","(X)","(X)","7,009","±141","(X)","(X)","7,022","±126","(X)","(X)","4,045","±74","(X)","(X)","2,215","±67","(X)","(X)","1,830","±28","(X)","(X)","3,330","±65","(X)","(X)","1,711","±52","(X)","(X)","1,619","±34","(X)","(X)","5,946","±109","(X)","(X)","2,864","±58","(X)","(X)","3,082","±89","(X)","(X)","20,162","±236","(X)","(X)","10,233","±183","(X)","(X)","9,929","±162","(X)","(X)","1,418","±30","(X)","(X)","707","±24","(X)","(X)","711","±17","(X)","(X)","4,011","±121","(X)","(X)","2,008","±107","(X)","(X)","2,003","±65","(X)","(X)","5,386","±71","(X)","(X)","2,661","±54","(X)","(X)","2,725","±54","(X)","(X)","4,228","±83","(X)","(X)","2,053","±63","(X)","(X)","2,175","±86","(X)","(X)","2,940","±67","(X)","(X)","1,477","±47","(X)","(X)","1,463","±30","(X)","(X)","24,301","±343","(X)","(X)","12,042","±212","(X)","(X)","12,259","±200","(X)","(X)"
"        High school graduate or higher","12,486","±199","95.7%","±1.4","6,108","±174","95.3%","±2.4","6,378","±103","96.1%","±1.4","6,249","±136","93.0%","±1.7","3,137","±89","92.4%","±2.4","3,112","±103","93.7%","±2.4","38,136","±268","96.9%","±0.6","18,784","±196","96.2%","±1.0","19,352","±156","97.6%","±0.7","3,078","±174","93.7%","±4.8","1,542","±113","91.1%","±5.6","1,536","±86","96.5%","±4.3","5,623","±164","93.7%","±1.5","2,627","±117","90.6%","±2.7","2,996","±125","96.6%","±1.9","13,346","±288","95.1%","±1.5","6,538","±225","93.3%","±2.4","6,808","±149","97.0%","±1.3","3,591","±170","88.8%","±3.7","1,893","±131","85.5%","±5.1","1,698","±80","92.8%","±4.3","3,026","±123","90.9%","±3.1","1,527","±95","89.2%","±5.0","1,499","±66","92.6%","±3.3","5,217","±373","87.7%","±5.7","2,499","±137","87.3%","±3.9","2,718","±329","88.2%","±10.1","19,114","±318","94.8%","±1.3","9,656","±229","94.4%","±1.7","9,458","±229","95.3%","±1.7","1,316","±61","92.8%","±3.9","629","±54","89.0%","±7.2","687","±25","96.6%","±2.5","3,827","±179","95.4%","±3.3","1,901","±138","94.7%","±4.2","1,926","±95","96.2%","±3.2","4,851","±182","90.1%","±3.2","2,424","±132","91.1%","±4.6","2,427","±127","89.1%","±4.5","3,951","±153","93.4%","±3.1","1,854","±86","90.3%","±4.3","2,097","±103","96.4%","±2.2","2,736","±78","93.1%","±1.8","1,331","±56","90.1%","±2.9","1,405","±43","96.0%","±2.1","23,141","±381","95.2%","±1.2","11,327","±262","94.1%","±1.6","11,814","±223","96.4%","±1.5"
"        Bachelor's degree or higher","3,671","±404","28.1%","±3.1","1,354","±215","21.1%","±3.3","2,317","±282","34.9%","±4.3","1,611","±210","24.0%","±3.1","749","±135","22.1%","±3.8","862","±133","25.9%","±4.0","20,533","±777","52.2%","±2.0","8,786","±569","45.0%","±3.0","11,747","±476","59.3%","±2.4","725","±172","22.1%","±5.3","314","±97","18.5%","±5.9","411","±124","25.8%","±8.1","1,665","±233","27.7%","±3.6","695","±134","24.0%","±4.2","970","±173","31.3%","±5.2","4,526","±376","32.3%","±2.6","1,835","±253","26.2%","±3.5","2,691","±244","38.3%","±3.4","1,041","±206","25.7%","±5.0","384","±122","17.3%","±5.5","657","±132","35.9%","±7.2","684","±137","20.5%","±4.1","219","±75","12.8%","±4.4","465","±86","28.7%","±5.3","1,120","±225","18.8%","±3.8","373","±122","13.0%","±4.1","747","±186","24.2%","±6.1","6,963","±483","34.5%","±2.4","2,992","±270","29.2%","±2.6","3,971","±416","40.0%","±4.2","326","±105","23.0%","±7.4","115","±48","16.3%","±6.8","211","±74","29.7%","±10.3","1,378","±220","34.4%","±5.6","596","±140","29.7%","±6.8","782","±123","39.0%","±6.3","752","±174","14.0%","±3.2","227","±82","8.5%","±3.1","525","±137","19.3%","±5.0","1,351","±225","32.0%","±5.3","426","±114","20.8%","±5.7","925","±160","42.5%","±7.2","660","±101","22.4%","±3.4","228","±62","15.4%","±4.2","432","±66","29.5%","±4.3","8,344","±647","34.3%","±2.7","3,713","±466","30.8%","±3.9","4,631","±425","37.8%","±3.5"
"    Population 35 to 44 years","12,897","±145","(X)","(X)","6,256","±98","(X)","(X)","6,641","±86","(X)","(X)","7,064","±81","(X)","(X)","3,480","±51","(X)","(X)","3,584","±56","(X)","(X)","35,796","±139","(X)","(X)","17,794","±131","(X)","(X)","18,002","±39","(X)","(X)","2,954","±43","(X)","(X)","1,412","±23","(X)","(X)","1,542","±37","(X)","(X)","5,677","±120","(X)","(X)","2,811","±89","(X)","(X)","2,866","±63","(X)","(X)","13,987","±166","(X)","(X)","6,783","±147","(X)","(X)","7,204","±101","(X)","(X)","4,469","±115","(X)","(X)","2,259","±89","(X)","(X)","2,210","±104","(X)","(X)","3,430","±75","(X)","(X)","1,688","±49","(X)","(X)","1,742","±41","(X)","(X)","6,545","±114","(X)","(X)","3,223","±88","(X)","(X)","3,322","±62","(X)","(X)","17,044","±169","(X)","(X)","8,332","±124","(X)","(X)","8,712","±102","(X)","(X)","1,718","±46","(X)","(X)","817","±21","(X)","(X)","901","±38","(X)","(X)","3,944","±70","(X)","(X)","1,932","±75","(X)","(X)","2,012","±52","(X)","(X)","5,774","±79","(X)","(X)","2,858","±59","(X)","(X)","2,916","±43","(X)","(X)","4,596","±66","(X)","(X)","2,277","±60","(X)","(X)","2,319","±42","(X)","(X)","3,240","±40","(X)","(X)","1,568","±22","(X)","(X)","1,672","±34","(X)","(X)","23,350","±268","(X)","(X)","11,433","±178","(X)","(X)","11,917","±182","(X)","(X)"
"        High school graduate or higher","12,144","±251","94.2%","±1.5","5,766","±193","92.2%","±2.7","6,378","±133","96.0%","±1.5","6,752","±108","95.6%","±1.1","3,240","±75","93.1%","±2.0","3,512","±67","98.0%","±1.0","34,478","±297","96.3%","±0.8","16,937","±253","95.2%","±1.4","17,541","±161","97.4%","±0.8","2,850","±69","96.5%","±1.9","1,341","±54","95.0%","±3.5","1,509","±38","97.9%","±1.4","5,447","±145","95.9%","±1.5","2,688","±97","95.6%","±1.9","2,759","±93","96.3%","±2.3","13,336","±237","95.3%","±1.3","6,398","±174","94.3%","±2.0","6,938","±124","96.3%","±1.4","4,322","±137","96.7%","±1.7","2,178","±98","96.4%","±2.1","2,144","±122","97.0%","±2.7","3,235","±129","94.3%","±3.2","1,617","±55","95.8%","±2.3","1,618","±114","92.9%","±6.2","6,285","±163","96.0%","±1.8","3,072","±108","95.3%","±1.9","3,213","±113","96.7%","±2.9","16,229","±291","95.2%","±1.3","7,870","±185","94.5%","±1.7","8,359","±211","95.9%","±2.1","1,571","±77","91.4%","±3.8","719","±49","88.0%","±5.9","852","±50","94.6%","±3.8","3,858","±93","97.8%","±1.7","1,867","±93","96.6%","±2.9","1,991","±63","99.0%","±1.6","5,211","±180","90.2%","±2.7","2,524","±120","88.3%","±3.7","2,687","±99","92.1%","±3.2","4,409","±90","95.9%","±1.5","2,132","±81","93.6%","±2.6","2,277","±52","98.2%","±1.1","2,968","±71","91.6%","±1.8","1,399","±47","89.2%","±2.8","1,569","±50","93.8%","±2.4","22,319","±312","95.6%","±1.1","10,777","±224","94.3%","±1.7","11,542","±221","96.9%","±1.4"
"        Bachelor's degree or higher","3,657","±408","28.4%","±3.2","1,534","±282","24.5%","±4.4","2,123","±252","32.0%","±3.8","1,906","±231","27.0%","±3.2","703","±148","20.2%","±4.2","1,203","±149","33.6%","±4.1","19,329","±702","54.0%","±2.0","8,493","±502","47.7%","±2.8","10,836","±461","60.2%","±2.6","922","±148","31.2%","±5.0","289","±87","20.5%","±6.1","633","±111","41.1%","±7.2","2,067","±215","36.4%","±3.8","784","±143","27.9%","±4.9","1,283","±172","44.8%","±5.9","4,484","±422","32.1%","±3.0","1,898","±244","28.0%","±3.6","2,586","±310","35.9%","±4.3","1,630","±248","36.5%","±5.5","672","±142","29.7%","±6.5","958","±167","43.3%","±7.4","1,161","±174","33.8%","±5.3","508","±110","30.1%","±6.6","653","±117","37.5%","±7.0","1,193","±205","18.2%","±3.2","360","±93","11.2%","±2.9","833","±156","25.1%","±4.6","5,770","±459","33.9%","±2.6","2,293","±266","27.5%","±3.2","3,477","±344","39.9%","±3.9","335","±92","19.5%","±5.2","116","±53","14.2%","±6.4","219","±69","24.3%","±7.2","1,621","±227","41.1%","±5.5","710","±188","36.7%","±9.1","911","±144","45.3%","±7.2","977","±182","16.9%","±3.1","440","±102","15.4%","±3.5","537","±113","18.4%","±3.8","1,316","±208","28.6%","±4.5","528","±119","23.2%","±5.1","788","±131","34.0%","±5.6","659","±106","20.3%","±3.3","292","±87","18.6%","±5.5","367","±57","21.9%","±3.5","8,852","±633","37.9%","±2.7","3,562","±419","31.2%","±3.6","5,290","±363","44.4%","±3.2"
"    Population 45 to 64 years","30,180","±131","(X)","(X)","14,918","±79","(X)","(X)","15,262","±96","(X)","(X)","20,619","±133","(X)","(X)","10,245","±101","(X)","(X)","10,374","±74","(X)","(X)","84,322","±195","(X)","(X)","40,417","±165","(X)","(X)","43,905","±106","(X)","(X)","8,914","±57","(X)","(X)","4,351","±25","(X)","(X)","4,563","±43","(X)","(X)","16,765","±96","(X)","(X)","7,986","±55","(X)","(X)","8,779","±77","(X)","(X)","36,212","±135","(X)","(X)","17,616","±136","(X)","(X)","18,596","±108","(X)","(X)","11,853","±120","(X)","(X)","5,786","±96","(X)","(X)","6,067","±73","(X)","(X)","10,298","±81","(X)","(X)","4,960","±69","(X)","(X)","5,338","±50","(X)","(X)","18,112","±86","(X)","(X)","8,894","±69","(X)","(X)","9,218","±49","(X)","(X)","43,333","±182","(X)","(X)","21,156","±123","(X)","(X)","22,177","±135","(X)","(X)","5,393","±56","(X)","(X)","2,667","±42","(X)","(X)","2,726","±44","(X)","(X)","10,864","±154","(X)","(X)","5,311","±124","(X)","(X)","5,553","±87","(X)","(X)","15,771","±94","(X)","(X)","7,774","±61","(X)","(X)","7,997","±74","(X)","(X)","11,783","±67","(X)","(X)","5,649","±50","(X)","(X)","6,134","±45","(X)","(X)","9,445","±54","(X)","(X)","4,670","±47","(X)","(X)","4,775","±41","(X)","(X)","62,005","±251","(X)","(X)","30,284","±224","(X)","(X)","31,721","±148","(X)","(X)"
"        High school graduate or higher","27,876","±273","92.4%","±0.8","13,482","±222","90.4%","±1.5","14,394","±185","94.3%","±1.1","18,924","±253","91.8%","±1.1","9,283","±146","90.6%","±1.4","9,641","±175","92.9%","±1.5","80,466","±489","95.4%","±0.5","38,265","±339","94.7%","±0.7","42,201","±320","96.1%","±0.7","8,343","±166","93.6%","±1.8","3,936","±146","90.5%","±3.3","4,407","±67","96.6%","±1.1","16,023","±159","95.6%","±0.8","7,510","±113","94.0%","±1.3","8,513","±85","97.0%","±0.9","33,580","±341","92.7%","±1.0","15,942","±235","90.5%","±1.2","17,638","±235","94.8%","±1.1","11,086","±207","93.5%","±1.4","5,194","±170","89.8%","±2.5","5,892","±114","97.1%","±1.5","9,617","±162","93.4%","±1.4","4,499","±132","90.7%","±2.4","5,118","±92","95.9%","±1.5","16,869","±260","93.1%","±1.3","8,172","±208","91.9%","±2.1","8,697","±137","94.3%","±1.4","40,251","±465","92.9%","±1.0","19,147","±352","90.5%","±1.6","21,104","±229","95.2%","±0.9","5,001","±110","92.7%","±1.6","2,404","±91","90.1%","±2.9","2,597","±65","95.3%","±1.5","10,120","±217","93.2%","±1.6","4,790","±174","90.2%","±2.8","5,330","±115","96.0%","±1.6","14,354","±342","91.0%","±2.0","6,835","±225","87.9%","±2.8","7,519","±191","94.0%","±2.1","10,881","±192","92.3%","±1.6","5,095","±133","90.2%","±2.2","5,786","±109","94.3%","±1.7","8,430","±131","89.3%","±1.4","4,018","±98","86.0%","±1.9","4,412","±84","92.4%","±1.6","58,463","±519","94.3%","±0.8","28,134","±406","92.9%","±1.2","30,329","±364","95.6%","±1.1"
"        Bachelor's degree or higher","6,428","±564","21.3%","±1.9","2,752","±322","18.4%","±2.2","3,676","±360","24.1%","±2.4","3,832","±328","18.6%","±1.5","1,659","±206","16.2%","±2.0","2,173","±223","20.9%","±2.1","39,206","±1,010","46.5%","±1.2","17,526","±694","43.4%","±1.7","21,680","±672","49.4%","±1.5","2,071","±242","23.2%","±2.7","823","±127","18.9%","±2.9","1,248","±197","27.4%","±4.3","5,440","±367","32.4%","±2.2","2,171","±210","27.2%","±2.6","3,269","±266","37.2%","±3.0","9,276","±544","25.6%","±1.5","4,019","±303","22.8%","±1.7","5,257","±419","28.3%","±2.2","3,629","±324","30.6%","±2.7","1,399","±186","24.2%","±3.2","2,230","±223","36.8%","±3.6","2,963","±272","28.8%","±2.6","1,271","±152","25.6%","±3.0","1,692","±187","31.7%","±3.5","3,324","±329","18.4%","±1.8","1,392","±203","15.7%","±2.3","1,932","±206","21.0%","±2.2","10,751","±579","24.8%","±1.3","4,580","±327","21.6%","±1.5","6,171","±443","27.8%","±2.0","898","±125","16.7%","±2.3","346","±73","13.0%","±2.7","552","±90","20.2%","±3.3","3,547","±292","32.6%","±2.6","1,490","±202","28.1%","±3.7","2,057","±188","37.0%","±3.5","2,515","±320","15.9%","±2.0","1,085","±192","14.0%","±2.5","1,430","±206","17.9%","±2.6","3,312","±264","28.1%","±2.2","1,405","±173","24.9%","±3.0","1,907","±199","31.1%","±3.2","1,855","±144","19.6%","±1.5","717","±89","15.4%","±1.9","1,138","±97","23.8%","±1.9","18,276","±832","29.5%","±1.4","7,945","±523","26.2%","±1.7","10,331","±533","32.6%","±1.7"
"    Population 65 years and over","18,603","±57","(X)","(X)","8,314","±42","(X)","(X)","10,289","±52","(X)","(X)","15,881","±42","(X)","(X)","7,255","±34","(X)","(X)","8,626","±29","(X)","(X)","52,133","±127","(X)","(X)","22,835","±66","(X)","(X)","29,298","±99","(X)","(X)","6,437","±71","(X)","(X)","3,105","±52","(X)","(X)","3,332","±40","(X)","(X)","13,129","±48","(X)","(X)","6,023","±32","(X)","(X)","7,106","±39","(X)","(X)","23,645","±75","(X)","(X)","10,638","±56","(X)","(X)","13,007","±71","(X)","(X)","9,647","±60","(X)","(X)","4,387","±54","(X)","(X)","5,260","±31","(X)","(X)","9,263","±50","(X)","(X)","4,251","±38","(X)","(X)","5,012","±41","(X)","(X)","12,229","±59","(X)","(X)","5,770","±35","(X)","(X)","6,459","±56","(X)","(X)","27,349","±103","(X)","(X)","12,426","±76","(X)","(X)","14,923","±63","(X)","(X)","4,359","±35","(X)","(X)","2,220","±33","(X)","(X)","2,139","±21","(X)","(X)","7,728","±111","(X)","(X)","3,547","±71","(X)","(X)","4,181","±58","(X)","(X)","10,445","±86","(X)","(X)","5,007","±74","(X)","(X)","5,438","±40","(X)","(X)","8,613","±56","(X)","(X)","4,068","±37","(X)","(X)","4,545","±42","(X)","(X)","7,482","±35","(X)","(X)","3,509","±33","(X)","(X)","3,973","±20","(X)","(X)","40,625","±145","(X)","(X)","18,104","±124","(X)","(X)","22,521","±84","(X)","(X)"
"        High school graduate or higher","14,883","±395","80.0%","±2.1","6,786","±206","81.6%","±2.4","8,097","±296","78.7%","±2.9","12,609","±303","79.4%","±1.8","5,643","±196","77.8%","±2.6","6,966","±217","80.8%","±2.5","48,256","±360","92.6%","±0.7","21,000","±250","92.0%","±1.1","27,256","±258","93.0%","±0.9","5,713","±123","88.8%","±1.9","2,765","±89","89.0%","±2.8","2,948","±84","88.5%","±2.6","12,011","±196","91.5%","±1.6","5,490","±141","91.2%","±2.3","6,521","±133","91.8%","±2.0","21,044","±311","89.0%","±1.3","9,305","±186","87.5%","±1.8","11,739","±213","90.3%","±1.6","9,085","±166","94.2%","±1.5","4,092","±109","93.3%","±2.1","4,993","±94","94.9%","±1.7","8,619","±131","93.0%","±1.5","3,951","±80","92.9%","±2.0","4,668","±132","93.1%","±2.6","11,009","±186","90.0%","±1.5","5,131","±128","88.9%","±2.1","5,878","±133","91.0%","±2.0","23,644","±361","86.5%","±1.4","10,540","±266","84.8%","±2.2","13,104","±230","87.8%","±1.6","3,745","±109","85.9%","±2.3","1,866","±81","84.1%","±3.3","1,879","±69","87.8%","±3.1","7,149","±171","92.5%","±1.9","3,274","±126","92.3%","±2.7","3,875","±95","92.7%","±2.2","8,626","±272","82.6%","±2.6","4,166","±158","83.2%","±3.0","4,460","±190","82.0%","±3.5","7,688","±196","89.3%","±2.3","3,572","±121","87.8%","±3.0","4,116","±130","90.6%","±2.7","6,500","±128","86.9%","±1.6","3,031","±101","86.4%","±2.6","3,469","±81","87.3%","±1.9","36,165","±424","89.0%","±1.0","16,234","±287","89.7%","±1.5","19,931","±352","88.5%","±1.5"
"        Bachelor's degree or higher","3,260","±316","17.5%","±1.7","1,786","±240","21.5%","±2.9","1,474","±201","14.3%","±2.0","2,327","±237","14.7%","±1.5","1,158","±172","16.0%","±2.4","1,169","±159","13.6%","±1.8","21,664","±777","41.6%","±1.5","10,546","±480","46.2%","±2.1","11,118","±512","37.9%","±1.7","1,634","±187","25.4%","±2.9","864","±131","27.8%","±4.1","770","±117","23.1%","±3.5","4,986","±308","38.0%","±2.3","2,596","±203","43.1%","±3.4","2,390","±193","33.6%","±2.7","6,363","±476","26.9%","±2.0","3,273","±282","30.8%","±2.6","3,090","±287","23.8%","±2.2","3,766","±285","39.0%","±2.9","2,053","±191","46.8%","±4.2","1,713","±190","32.6%","±3.6","4,003","±239","43.2%","±2.6","2,003","±154","47.1%","±3.6","2,000","±173","39.9%","±3.5","2,588","±296","21.2%","±2.4","1,322","±211","22.9%","±3.6","1,266","±202","19.6%","±3.1","6,416","±489","23.5%","±1.8","3,286","±292","26.4%","±2.4","3,130","±361","21.0%","±2.4","814","±121","18.7%","±2.8","411","±100","18.5%","±4.5","403","±83","18.8%","±3.9","3,106","±265","40.2%","±3.3","1,531","±166","43.2%","±4.5","1,575","±195","37.7%","±4.6","1,915","±232","18.3%","±2.2","978","±138","19.5%","±2.8","937","±163","17.2%","±3.0","3,195","±260","37.1%","±3.0","1,630","±165","40.1%","±4.0","1,565","±182","34.4%","±4.0","1,918","±145","25.6%","±1.9","1,058","±115","30.2%","±3.2","860","±82","21.6%","±2.1","13,381","±659","32.9%","±1.6","6,875","±444","38.0%","±2.5","6,506","±432","28.9%","±1.9"
"RACE AND HISPANIC OR LATINO ORIGIN BY EDUCATIONAL ATTAINMENT","","","","","","","","","","","","","","","","","","","","","","","","","","","","","","","","","","","","","","","","","","","","","","","","","","","","","","","","","","","","","","","","","","","","","","","","","","","","","","","","","","","","","","","","","","","","","","","","","","","","","","","","","","","","","","","","","","","","","","","","","","","","","","","","","","","","","","","","","","","","","","","","","","","","","","","","","","","","","","","","","","","","","","","","","","","","","","","","","","","","","","","","","","","","","","","",""
"    White alone","70,923","±113","(X)","(X)","33,947","±69","(X)","(X)","36,976","±88","(X)","(X)","48,392","±78","(X)","(X)","23,529","±60","(X)","(X)","24,863","±52","(X)","(X)","198,546","±291","(X)","(X)","94,287","±157","(X)","(X)","104,259","±200","(X)","(X)","21,012","±61","(X)","(X)","10,267","±34","(X)","(X)","10,745","±38","(X)","(X)","40,171","±84","(X)","(X)","19,130","±61","(X)","(X)","21,041","±40","(X)","(X)","84,926","±128","(X)","(X)","40,649","±88","(X)","(X)","44,277","±71","(X)","(X)","29,040","±58","(X)","(X)","14,023","±54","(X)","(X)","15,017","±53","(X)","(X)","25,613","±36","(X)","(X)","12,209","±31","(X)","(X)","13,404","±23","(X)","(X)","41,793","±84","(X)","(X)","20,321","±63","(X)","(X)","21,472","±57","(X)","(X)","103,400","±113","(X)","(X)","49,983","±106","(X)","(X)","53,417","±79","(X)","(X)","12,573","±38","(X)","(X)","6,259","±33","(X)","(X)","6,314","±31","(X)","(X)","25,529","±87","(X)","(X)","12,215","±92","(X)","(X)","13,314","±64","(X)","(X)","36,300","±57","(X)","(X)","17,740","±45","(X)","(X)","18,560","±29","(X)","(X)","28,420","±85","(X)","(X)","13,744","±68","(X)","(X)","14,676","±70","(X)","(X)","21,563","±79","(X)","(X)","10,459","±51","(X)","(X)","11,104","±39","(X)","(X)","144,798","±183","(X)","(X)","69,164","±121","(X)","(X)","75,634","±131","(X)","(X)"
"        High school graduate or higher","64,453","±496","90.9%","±0.7","30,570","±329","90.1%","±1.0","33,883","±355","91.6%","±0.9","43,024","±414","88.9%","±0.9","20,683","±259","87.9%","±1.1","22,341","±296","89.9%","±1.2","190,449","±740","95.9%","±0.3","89,747","±479","95.2%","±0.5","100,702","±466","96.6%","±0.4","19,439","±241","92.5%","±1.2","9,313","±179","90.7%","±1.8","10,126","±120","94.2%","±1.2","37,881","±315","94.3%","±0.7","17,809","±206","93.1%","±1.0","20,072","±194","95.4%","±0.9","78,827","±550","92.8%","±0.6","37,035","±366","91.1%","±0.9","41,792","±325","94.4%","±0.7","27,232","±297","93.8%","±1.0","12,833","±232","91.5%","±1.6","14,399","±159","95.9%","±1.0","23,870","±289","93.2%","±1.1","11,244","±183","92.1%","±1.5","12,626","±202","94.2%","±1.5","38,412","±466","91.9%","±1.1","18,475","±262","90.9%","±1.3","19,937","±385","92.9%","±1.8","95,222","±711","92.1%","±0.7","45,282","±493","90.6%","±1.0","49,940","±419","93.5%","±0.8","11,330","±160","90.1%","±1.3","5,468","±120","87.4%","±1.9","5,862","±88","92.8%","±1.3","24,035","±251","94.1%","±0.9","11,318","±210","92.7%","±1.5","12,717","±135","95.5%","±0.9","32,197","±467","88.7%","±1.3","15,532","±331","87.6%","±1.9","16,665","±294","89.8%","±1.6","26,158","±340","92.0%","±1.1","12,371","±220","90.0%","±1.5","13,787","±189","93.9%","±1.3","19,285","±195","89.4%","±0.9","9,119","±146","87.2%","±1.3","10,166","±125","91.6%","±1.1","135,180","±816","93.4%","±0.6","63,967","±508","92.5%","±0.8","71,213","±610","94.2%","±0.8"
"        Bachelor's degree or higher","16,317","±856","23.0%","±1.2","7,102","±473","20.9%","±1.4","9,215","±530","24.9%","±1.4","9,246","±532","19.1%","±1.1","4,104","±352","17.4%","±1.5","5,142","±327","20.7%","±1.3","95,965","±1,789","48.3%","±0.9","43,059","±1,078","45.7%","±1.1","52,906","±1,116","50.7%","±1.0","5,255","±362","25.0%","±1.7","2,230","±206","21.7%","±2.0","3,025","±274","28.2%","±2.6","13,553","±619","33.7%","±1.5","5,966","±328","31.2%","±1.7","7,587","±451","36.1%","±2.1","23,710","±846","27.9%","±1.0","10,626","±435","26.1%","±1.1","13,084","±622","29.6%","±1.4","9,775","±516","33.7%","±1.8","4,405","±340","31.4%","±2.4","5,370","±328","35.8%","±2.2","8,648","±441","33.8%","±1.7","3,934","±242","32.2%","±2.0","4,714","±299","35.2%","±2.2","7,949","±508","19.0%","±1.2","3,362","±327","16.5%","±1.6","4,587","±349","21.4%","±1.6","28,377","±1,071","27.4%","±1.0","12,477","±569","25.0%","±1.1","15,900","±777","29.8%","±1.4","2,254","±238","17.9%","±1.9","933","±160","14.9%","±2.5","1,321","±162","20.9%","±2.6","9,444","±535","37.0%","±2.1","4,261","±359","34.9%","±2.9","5,183","±344","38.9%","±2.6","5,941","±504","16.4%","±1.4","2,629","±269","14.8%","±1.5","3,312","±344","17.8%","±1.9","8,902","±501","31.3%","±1.8","3,906","±284","28.4%","±2.1","4,996","±327","34.0%","±2.2","4,814","±200","22.3%","±0.9","2,209","±146","21.1%","±1.4","2,605","±137","23.5%","±1.2","47,536","±1,355","32.8%","±0.9","21,427","±896","31.0%","±1.3","26,109","±900","34.5%","±1.2"
"    White alone, not Hispanic or Latino","70,460","±49","(X)","(X)","33,814","±28","(X)","(X)","36,646","±24","(X)","(X)","48,054","±2","(X)","(X)","23,360","±2","(X)","(X)","24,694","±24","(X)","(X)","196,019","±103","(X)","(X)","93,159","±70","(X)","(X)","102,860","±47","(X)","(X)","20,916","±23","(X)","(X)","10,240","±22","(X)","(X)","10,676","±7","(X)","(X)","39,773","±28","(X)","(X)","18,957","±20","(X)","(X)","20,816","±24","(X)","(X)","84,302","±23","(X)","(X)","40,390","±18","(X)","(X)","43,912","±16","(X)","(X)","28,828","±24","(X)","(X)","13,941","±18","(X)","(X)","14,887","±15","(X)","(X)","25,426","±7","(X)","(X)","12,152","±22","(X)","(X)","13,274","±7","(X)","(X)","41,482","±8","(X)","(X)","20,143","±24","(X)","(X)","21,339","±8","(X)","(X)","102,633","±50","(X)","(X)","49,556","±33","(X)","(X)","53,077","±38","(X)","(X)","12,477","±21","(X)","(X)","6,200","±13","(X)","(X)","6,277","±17","(X)","(X)","25,246","±63","(X)","(X)","12,042","±51","(X)","(X)","13,204","±37","(X)","(X)","36,048","±24","(X)","(X)","17,661","±24","(X)","(X)","18,387","±24","(X)","(X)","28,111","±46","(X)","(X)","13,590","±7","(X)","(X)","14,521","±46","(X)","(X)","21,388","±15","(X)","(X)","10,358","±9","(X)","(X)","11,030","±8","(X)","(X)","143,321","±39","(X)","(X)","68,434","±27","(X)","(X)","74,887","±30","(X)","(X)"
"        High school graduate or higher","64,065","±479","90.9%","±0.7","30,442","±325","90.0%","±1.0","33,623","±349","91.8%","±0.9","42,728","±414","88.9%","±0.9","20,540","±262","87.9%","±1.1","22,188","±286","89.9%","±1.2","188,144","±660","96.0%","±0.3","88,726","±456","95.2%","±0.5","99,418","±424","96.7%","±0.4","19,359","±244","92.6%","±1.2","9,286","±181","90.7%","±1.8","10,073","±120","94.4%","±1.1","37,500","±279","94.3%","±0.7","17,653","±183","93.1%","±1.0","19,847","±188","95.3%","±0.9","78,240","±530","92.8%","±0.6","36,795","±349","91.1%","±0.9","41,445","±325","94.4%","±0.7","27,028","±299","93.8%","±1.0","12,759","±226","91.5%","±1.6","14,269","±157","95.8%","±1.1","23,683","±288","93.1%","±1.1","11,187","±185","92.1%","±1.5","12,496","±198","94.1%","±1.5","38,119","±467","91.9%","±1.1","18,306","±262","90.9%","±1.3","19,813","±387","92.8%","±1.8","94,512","±705","92.1%","±0.7","44,891","±482","90.6%","±1.0","49,621","±409","93.5%","±0.8","11,234","±157","90.0%","±1.3","5,409","±119","87.2%","±1.9","5,825","±86","92.8%","±1.4","23,776","±246","94.2%","±0.9","11,145","±198","92.6%","±1.5","12,631","±123","95.7%","±0.9","31,987","±460","88.7%","±1.3","15,470","±328","87.6%","±1.9","16,517","±289","89.8%","±1.6","25,885","±324","92.1%","±1.1","12,250","±202","90.1%","±1.5","13,635","±190","93.9%","±1.3","19,150","±194","89.5%","±0.9","9,040","±142","87.3%","±1.4","10,110","±124","91.7%","±1.1","133,862","±809","93.4%","±0.6","63,327","±521","92.5%","±0.8","70,535","±572","94.2%","±0.8"
"        Bachelor's degree or higher","16,259","±848","23.1%","±1.2","7,070","±466","20.9%","±1.4","9,189","±530","25.1%","±1.4","9,098","±511","18.9%","±1.1","4,024","±341","17.2%","±1.5","5,074","±318","20.5%","±1.3","94,639","±1,793","48.3%","±0.9","42,482","±1,111","45.6%","±1.2","52,157","±1,089","50.7%","±1.1","5,217","±356","24.9%","±1.7","2,215","±203","21.6%","±2.0","3,002","±272","28.1%","±2.6","13,388","±610","33.7%","±1.5","5,907","±328","31.2%","±1.7","7,481","±447","35.9%","±2.2","23,406","±838","27.8%","±1.0","10,491","±434","26.0%","±1.1","12,915","±617","29.4%","±1.4","9,665","±500","33.5%","±1.7","4,341","±333","31.1%","±2.4","5,324","±326","35.8%","±2.2","8,572","±443","33.7%","±1.7","3,919","±243","32.2%","±2.0","4,653","±297","35.1%","±2.2","7,920","±504","19.1%","±1.2","3,341","±322","16.6%","±1.6","4,579","±348","21.5%","±1.6","28,165","±1,065","27.4%","±1.0","12,428","±566","25.1%","±1.1","15,737","±774","29.6%","±1.5","2,220","±234","17.8%","±1.9","908","±155","14.6%","±2.5","1,312","±161","20.9%","±2.6","9,344","±517","37.0%","±2.1","4,170","±346","34.6%","±2.9","5,174","±344","39.2%","±2.6","5,889","±499","16.3%","±1.4","2,610","±266","14.8%","±1.5","3,279","±340","17.8%","±1.8","8,806","±499","31.3%","±1.8","3,879","±286","28.5%","±2.1","4,927","±325","33.9%","±2.2","4,764","±196","22.3%","±0.9","2,186","±146","21.1%","±1.4","2,578","±135","23.4%","±1.2","47,111","±1,338","32.9%","±0.9","21,225","±902","31.0%","±1.3","25,886","±882","34.6%","±1.2"
"    Black alone","1,006","±185","(X)","(X)","601","±124","(X)","(X)","405","±100","(X)","(X)","379","±100","(X)","(X)","243","±86","(X)","(X)","136","±50","(X)","(X)","4,332","±229","(X)","(X)","2,340","±148","(X)","(X)","1,992","±140","(X)","(X)","23","±28","(X)","(X)","18","±25","(X)","(X)","5","±6","(X)","(X)","301","±64","(X)","(X)","135","±47","(X)","(X)","166","±43","(X)","(X)","500","±138","(X)","(X)","361","±110","(X)","(X)","139","±67","(X)","(X)","189","±62","(X)","(X)","167","±61","(X)","(X)","22","±32","(X)","(X)","93","±46","(X)","(X)","84","±45","(X)","(X)","9","±13","(X)","(X)","82","±46","(X)","(X)","33","±37","(X)","(X)","49","±27","(X)","(X)","642","±111","(X)","(X)","400","±64","(X)","(X)","242","±92","(X)","(X)","15","±15","(X)","(X)","15","±15","(X)","(X)","0","±16","(X)","(X)","211","±56","(X)","(X)","166","±61","(X)","(X)","45","±49","(X)","(X)","210","±49","(X)","(X)","165","±48","(X)","(X)","45","±44","(X)","(X)","65","±37","(X)","(X)","47","±36","(X)","(X)","18","±14","(X)","(X)","116","±43","(X)","(X)","73","±35","(X)","(X)","43","±22","(X)","(X)","1,112","±203","(X)","(X)","612","±153","(X)","(X)","500","±115","(X)","(X)"
"        High school graduate or higher","585","±155","58.2%","±9.8","406","±118","67.6%","±12.1","179","±85","44.2%","±14.5","266","±93","70.2%","±19.9","133","±71","54.7%","±27.8","133","±51","97.8%","±4.0","3,519","±281","81.2%","±4.8","1,952","±172","83.4%","±5.1","1,567","±184","78.7%","±6.8","22","±28","95.7%","±11.3","17","±25","94.4%","±15.0","5","±6","100.0%","±100.0","297","±64","98.7%","±2.5","131","±47","97.0%","±5.6","166","±43","100.0%","±13.9","406","±110","81.2%","±14.5","298","±79","82.5%","±17.0","108","±66","77.7%","±26.5","146","±62","77.2%","±19.5","124","±58","74.3%","±21.4","22","±32","100.0%","±55.5","73","±50","78.5%","±31.4","64","±49","76.2%","±34.8","9","±13","100.0%","±86.7","79","±45","96.3%","±9.5","33","±37","100.0%","±45.3","46","±25","93.9%","±15.5","611","±120","95.2%","±5.0","380","±83","95.0%","±8.6","231","±92","95.5%","±6.7","15","±15","100.0%","±67.2","15","±15","100.0%","±67.2","0","±16","-","**","210","±57","99.5%","±1.2","165","±61","99.4%","±1.6","45","±49","100.0%","±38.8","175","±43","83.3%","±16.6","130","±68","78.8%","±25.4","45","±44","100.0%","±38.8","62","±36","95.4%","±5.6","44","±36","93.6%","±8.5","18","±14","100.0%","±61.3","114","±44","98.3%","±3.5","71","±35","97.3%","±6.0","43","±22","100.0%","±39.7","1,075","±218","96.7%","±4.5","588","±154","96.1%","±5.6","487","±127","97.4%","±7.1"
"        Bachelor's degree or higher","161","±84","16.0%","±7.8","108","±64","18.0%","±9.5","53","±38","13.1%","±9.9","115","±73","30.3%","±17.1","37","±44","15.2%","±17.7","78","±44","57.4%","±26.2","1,261","±269","29.1%","±5.6","776","±173","33.2%","±6.7","485","±171","24.3%","±8.1","5","±6","21.7%","±24.3","0","±19","0.0%","±61.3","5","±6","100.0%","±100.0","141","±113","46.8%","±32.8","69","±48","51.1%","±29.4","72","±77","43.4%","±41.6","155","±100","31.0%","±18.1","95","±63","26.3%","±17.6","60","±51","43.2%","±29.2","57","±49","30.2%","±23.5","35","±35","21.0%","±20.4","22","±32","100.0%","±55.5","9","±13","9.7%","±15.3","0","±22","0.0%","±25.3","9","±13","100.0%","±86.7","21","±27","25.6%","±32.7","3","±9","9.1%","±30.0","18","±26","36.7%","±44.2","224","±91","34.9%","±10.1","70","±41","17.5%","±9.9","154","±87","63.6%","±16.1","0","±16","0.0%","±67.2","0","±16","0.0%","±67.2","0","±16","-","**","0","±22","0.0%","±11.2","0","±22","0.0%","±13.9","0","±22","0.0%","±38.8","11","±17","5.2%","±8.2","11","±17","6.7%","±10.1","0","±24","0.0%","±38.8","21","±22","32.3%","±26.9","13","±22","27.7%","±37.9","8","±7","44.4%","±42.7","21","±23","18.1%","±19.1","9","±12","12.3%","±16.6","12","±12","27.9%","±25.2","200","±148","18.0%","±11.9","109","±117","17.8%","±16.2","91","±84","18.2%","±17.1"
"    American Indian or Alaska Native alone","101","±58","(X)","(X)","34","±24","(X)","(X)","67","±45","(X)","(X)","710","±68","(X)","(X)","286","±43","(X)","(X)","424","±54","(X)","(X)","458","±159","(X)","(X)","305","±117","(X)","(X)","153","±87","(X)","(X)","31","±22","(X)","(X)","26","±20","(X)","(X)","5","±7","(X)","(X)","132","±44","(X)","(X)","44","±29","(X)","(X)","88","±32","(X)","(X)","526","±149","(X)","(X)","260","±84","(X)","(X)","266","±106","(X)","(X)","105","±59","(X)","(X)","63","±46","(X)","(X)","42","±35","(X)","(X)","114","±52","(X)","(X)","57","±49","(X)","(X)","57","±37","(X)","(X)","160","±62","(X)","(X)","57","±38","(X)","(X)","103","±49","(X)","(X)","1,122","±139","(X)","(X)","554","±96","(X)","(X)","568","±94","(X)","(X)","59","±40","(X)","(X)","3","±4","(X)","(X)","56","±41","(X)","(X)","69","±56","(X)","(X)","36","±36","(X)","(X)","33","±40","(X)","(X)","195","±66","(X)","(X)","98","±46","(X)","(X)","97","±41","(X)","(X)","137","±61","(X)","(X)","82","±40","(X)","(X)","55","±40","(X)","(X)","948","±55","(X)","(X)","430","±41","(X)","(X)","518","±32","(X)","(X)","495","±189","(X)","(X)","296","±128","(X)","(X)","199","±149","(X)","(X)"
"        High school graduate or higher","81","±51","80.2%","±17.6","20","±17","58.8%","±37.2","61","±41","91.0%","±13.4","524","±78","73.8%","±7.7","204","±45","71.3%","±11.4","320","±62","75.5%","±10.6","447","±156","97.6%","±2.6","299","±115","98.0%","±3.0","148","±86","96.7%","±6.0","31","±22","100.0%","±46.7","26","±20","100.0%","±51.0","5","±7","100.0%","±100.0","126","±42","95.5%","±7.5","44","±29","100.0%","±39.2","82","±29","93.2%","±11.0","386","±131","73.4%","±19.8","182","±89","70.0%","±21.6","204","±88","76.7%","±22.4","87","±43","82.9%","±22.6","45","±40","71.4%","±42.3","42","±35","100.0%","±40.1","92","±63","80.7%","±28.4","39","±44","68.4%","±45.1","53","±38","93.0%","±15.4","156","±59","97.5%","±3.7","57","±38","100.0%","±33.8","99","±45","96.1%","±5.5","1,062","±134","94.7%","±2.2","504","±90","91.0%","±3.9","558","±91","98.2%","±2.4","59","±40","100.0%","±33.0","3","±4","100.0%","±100.0","56","±41","100.0%","±34.2","57","±53","82.6%","±24.8","24","±30","66.7%","±38.1","33","±40","100.0%","±45.3","139","±38","71.3%","±15.6","57","±31","58.2%","±25.8","82","±34","84.5%","±21.2","137","±61","100.0%","±16.6","82","±40","100.0%","±25.8","55","±40","100.0%","±34.6","801","±57","84.5%","±4.1","352","±43","81.9%","±6.4","449","±37","86.7%","±5.0","406","±178","82.0%","±11.1","243","±127","82.1%","±17.9","163","±143","81.9%","±18.0"
"        Bachelor's degree or higher","9","±11","8.9%","±10.6","3","±5","8.8%","±17.1","6","±9","9.0%","±12.6","59","±26","8.3%","±3.7","21","±17","7.3%","±6.1","38","±17","9.0%","±4.3","105","±76","22.9%","±14.8","25","±37","8.2%","±12.8","80","±67","52.3%","±29.2","14","±18","45.2%","±50.6","14","±18","53.8%","±53.8","0","±19","0.0%","±100.0","9","±15","6.8%","±11.2","0","±24","0.0%","±39.2","9","±15","10.2%","±16.9","103","±78","19.6%","±13.6","29","±21","11.2%","±7.7","74","±74","27.8%","±25.2","20","±23","19.0%","±23.3","13","±21","20.6%","±33.3","7","±10","16.7%","±25.4","3","±6","2.6%","±5.5","3","±6","5.3%","±12.9","0","±22","0.0%","±33.8","30","±29","18.8%","±16.3","28","±29","49.1%","±32.3","2","±3","1.9%","±3.4","292","±82","26.0%","±6.5","146","±54","26.4%","±7.8","146","±55","25.7%","±9.5","30","±40","50.8%","±48.0","0","±16","0.0%","±100.0","30","±40","53.6%","±49.3","46","±46","66.7%","±32.5","13","±22","36.1%","±41.8","33","±40","100.0%","±45.3","31","±25","15.9%","±12.7","5","±6","5.1%","±7.0","26","±26","26.8%","±24.8","6","±7","4.4%","±5.1","6","±7","7.3%","±8.9","0","±22","0.0%","±34.6","97","±25","10.2%","±2.7","16","±10","3.7%","±2.4","81","±23","15.6%","±4.3","166","±107","33.5%","±19.4","117","±104","39.5%","±26.7","49","±43","24.6%","±24.9"
"    Asian alone","474","±93","(X)","(X)","192","±76","(X)","(X)","282","±70","(X)","(X)","217","±38","(X)","(X)","56","±33","(X)","(X)","161","±29","(X)","(X)","4,466","±213","(X)","(X)","1,914","±152","(X)","(X)","2,552","±142","(X)","(X)","88","±28","(X)","(X)","18","±21","(X)","(X)","70","±32","(X)","(X)","509","±47","(X)","(X)","198","±36","(X)","(X)","311","±34","(X)","(X)","587","±139","(X)","(X)","198","±72","(X)","(X)","389","±87","(X)","(X)","111","±52","(X)","(X)","28","±29","(X)","(X)","83","±52","(X)","(X)","221","±56","(X)","(X)","82","±46","(X)","(X)","139","±43","(X)","(X)","181","±47","(X)","(X)","30","±18","(X)","(X)","151","±45","(X)","(X)","1,050","±131","(X)","(X)","437","±105","(X)","(X)","613","±110","(X)","(X)","64","±31","(X)","(X)","46","±38","(X)","(X)","18","±17","(X)","(X)","214","±85","(X)","(X)","88","±73","(X)","(X)","126","±36","(X)","(X)","141","±52","(X)","(X)","63","±36","(X)","(X)","78","±24","(X)","(X)","123","±48","(X)","(X)","9","±13","(X)","(X)","114","±45","(X)","(X)","75","±15","(X)","(X)","18","±14","(X)","(X)","57","±10","(X)","(X)","1,821","±166","(X)","(X)","729","±99","(X)","(X)","1,092","±137","(X)","(X)"
"        High school graduate or higher","370","±107","78.1%","±15.3","164","±82","85.4%","±14.4","206","±76","73.0%","±20.3","195","±43","89.9%","±10.0","56","±33","100.0%","±34.2","139","±31","86.3%","±12.7","3,563","±262","79.8%","±4.8","1,470","±166","76.8%","±6.4","2,093","±199","82.0%","±5.5","85","±27","96.6%","±5.0","15","±21","83.3%","±30.2","70","±32","100.0%","±29.2","469","±62","92.1%","±5.9","181","±42","91.4%","±9.2","288","±38","92.6%","±7.3","505","±129","86.0%","±8.6","172","±72","86.9%","±11.9","333","±81","85.6%","±9.9","111","±52","100.0%","±20.0","28","±29","100.0%","±49.2","83","±52","100.0%","±25.6","195","±55","88.2%","±11.7","82","±46","100.0%","±25.8","113","±34","81.3%","±16.7","146","±53","80.7%","±15.1","19","±14","63.3%","±26.8","127","±51","84.1%","±14.5","880","±141","83.8%","±9.5","378","±103","86.5%","±9.7","502","±119","81.9%","±12.9","59","±33","92.2%","±14.6","46","±38","100.0%","±38.3","13","±13","72.2%","±28.5","198","±90","92.5%","±13.5","88","±73","100.0%","±24.4","110","±41","87.3%","±20.9","53","±40","37.6%","±27.5","19","±23","30.2%","±28.3","34","±27","43.6%","±30.5","115","±47","93.5%","±8.1","9","±13","100.0%","±86.7","106","±44","93.0%","±8.8","64","±16","85.3%","±12.2","18","±14","100.0%","±61.3","46","±12","80.7%","±15.2","1,505","±184","82.6%","±6.1","636","±108","87.2%","±8.8","869","±136","79.6%","±7.0"
"        Bachelor's degree or higher","189","±73","39.9%","±15.3","91","±56","47.4%","±24.7","98","±56","34.8%","±17.9","130","±45","59.9%","±16.4","53","±33","94.6%","±11.2","77","±30","47.8%","±18.4","1,959","±236","43.9%","±5.3","874","±127","45.7%","±6.3","1,085","±189","42.5%","±7.1","14","±13","15.9%","±16.0","3","±6","16.7%","±29.2","11","±12","15.7%","±19.9","310","±104","60.9%","±17.6","151","±51","76.3%","±17.8","159","±74","51.1%","±23.2","340","±131","57.9%","±14.2","132","±69","66.7%","±18.0","208","±85","53.5%","±15.1","111","±52","100.0%","±20.0","28","±29","100.0%","±49.2","83","±52","100.0%","±25.6","89","±45","40.3%","±18.6","50","±34","61.0%","±24.7","39","±22","28.1%","±18.3","111","±52","61.3%","±17.6","13","±10","43.3%","±25.8","98","±51","64.9%","±19.4","635","±157","60.5%","±12.4","316","±89","72.3%","±11.4","319","±125","52.0%","±17.1","11","±12","17.2%","±21.7","6","±10","13.0%","±24.0","5","±9","27.8%","±32.1","59","±35","27.6%","±16.6","17","±22","19.3%","±17.3","42","±35","33.3%","±24.8","46","±37","32.6%","±25.9","14","±19","22.2%","±24.8","32","±27","41.0%","±29.7","68","±37","55.3%","±17.8","0","±22","0.0%","±86.7","68","±37","59.6%","±18.6","43","±15","57.3%","±17.0","9","±8","50.0%","±46.3","34","±12","59.6%","±18.1","428","±152","23.5%","±7.5","172","±93","23.6%","±11.8","256","±110","23.4%","±8.9"
"    Native Hawaiian and Other Pacific Islander alone","0","±24","(X)","(X)","0","±24","(X)","(X)","0","±24","(X)","(X)","12","±10","(X)","(X)","0","±24","(X)","(X)","12","±10","(X)","(X)","24","±37","(X)","(X)","24","±37","(X)","(X)","0","±24","(X)","(X)","61","±48","(X)","(X)","60","±49","(X)","(X)","1","±3","(X)","(X)","18","±25","(X)","(X)","6","±12","(X)","(X)","12","±20","(X)","(X)","50","±43","(X)","(X)","5","±10","(X)","(X)","45","±43","(X)","(X)","2","±3","(X)","(X)","0","±22","(X)","(X)","2","±3","(X)","(X)","0","±22","(X)","(X)","0","±22","(X)","(X)","0","±22","(X)","(X)","7","±11","(X)","(X)","7","±11","(X)","(X)","0","±24","(X)","(X)","18","±13","(X)","(X)","3","±4","(X)","(X)","15","±12","(X)","(X)","0","±16","(X)","(X)","0","±16","(X)","(X)","0","±16","(X)","(X)","0","±22","(X)","(X)","0","±22","(X)","(X)","0","±22","(X)","(X)","0","±24","(X)","(X)","0","±24","(X)","(X)","0","±24","(X)","(X)","0","±22","(X)","(X)","0","±22","(X)","(X)","0","±22","(X)","(X)","5","±5","(X)","(X)","0","±22","(X)","(X)","5","±5","(X)","(X)","53","±41","(X)","(X)","27","±30","(X)","(X)","26","±31","(X)","(X)"
"        High school graduate or higher","0","±24","-","**","0","±24","-","**","0","±24","-","**","8","±8","66.7%","±34.2","0","±24","-","**","8","±8","66.7%","±34.2","24","±37","100.0%","±53.1","24","±37","100.0%","±53.1","0","±24","-","**","60","±49","98.4%","±7.0","60","±49","100.0%","±32.7","0","±19","0.0%","±100.0","6","±12","33.3%","±51.0","6","±12","100.0%","±100.0","0","±24","0.0%","±75.1","40","±41","80.0%","±34.4","5","±10","100.0%","±100.0","35","±40","77.8%","±38.6","2","±3","100.0%","±100.0","0","±22","-","**","2","±3","100.0%","±100.0","0","±22","-","**","0","±22","-","**","0","±22","-","**","7","±11","100.0%","±98.3","7","±11","100.0%","±98.3","0","±24","-","**","18","±13","100.0%","±61.3","3","±4","100.0%","±100.0","15","±12","100.0%","±67.2","0","±16","-","**","0","±16","-","**","0","±16","-","**","0","±22","-","**","0","±22","-","**","0","±22","-","**","0","±24","-","**","0","±24","-","**","0","±24","-","**","0","±22","-","**","0","±22","-","**","0","±22","-","**","5","±5","100.0%","±100.0","0","±22","-","**","5","±5","100.0%","±100.0","53","±41","100.0%","±35.4","27","±30","100.0%","±50.1","26","±31","100.0%","±51.0"
"        Bachelor's degree or higher","0","±24","-","**","0","±24","-","**","0","±24","-","**","0","±24","0.0%","±75.1","0","±24","-","**","0","±24","0.0%","±75.1","0","±24","0.0%","±53.1","0","±24","0.0%","±53.1","0","±24","-","**","12","±18","19.7%","±43.5","12","±18","20.0%","±45.7","0","±19","0.0%","±100.0","0","±24","0.0%","±61.3","0","±24","0.0%","±100.0","0","±24","0.0%","±75.1","0","±24","0.0%","±36.7","0","±24","0.0%","±100.0","0","±24","0.0%","±38.8","0","±22","0.0%","±100.0","0","±22","-","**","0","±22","0.0%","±100.0","0","±22","-","**","0","±22","-","**","0","±22","-","**","0","±24","0.0%","±98.3","0","±24","0.0%","±98.3","0","±24","-","**","0","±24","0.0%","±61.3","0","±24","0.0%","±100.0","0","±24","0.0%","±67.2","0","±16","-","**","0","±16","-","**","0","±16","-","**","0","±22","-","**","0","±22","-","**","0","±22","-","**","0","±24","-","**","0","±24","-","**","0","±24","-","**","0","±22","-","**","0","±22","-","**","0","±22","-","**","0","±22","0.0%","±100.0","0","±22","-","**","0","±22","0.0%","±100.0","20","±30","37.7%","±46.4","0","±24","0.0%","±50.1","20","±30","76.9%","±53.7"
"    Some other race alone","155","±85","(X)","(X)","95","±61","(X)","(X)","60","±45","(X)","(X)","79","±55","(X)","(X)","41","±38","(X)","(X)","38","±50","(X)","(X)","574","±167","(X)","(X)","273","±108","(X)","(X)","301","±107","(X)","(X)","38","±31","(X)","(X)","28","±27","(X)","(X)","10","±15","(X)","(X)","51","±31","(X)","(X)","20","±21","(X)","(X)","31","±32","(X)","(X)","168","±104","(X)","(X)","33","±37","(X)","(X)","135","±98","(X)","(X)","36","±39","(X)","(X)","32","±36","(X)","(X)","4","±7","(X)","(X)","60","±43","(X)","(X)","52","±43","(X)","(X)","8","±7","(X)","(X)","51","±52","(X)","(X)","39","±51","(X)","(X)","12","±10","(X)","(X)","166","±83","(X)","(X)","78","±62","(X)","(X)","88","±52","(X)","(X)","63","±43","(X)","(X)","36","±32","(X)","(X)","27","±23","(X)","(X)","58","±45","(X)","(X)","12","±20","(X)","(X)","46","±41","(X)","(X)","17","±15","(X)","(X)","12","±15","(X)","(X)","5","±6","(X)","(X)","62","±54","(X)","(X)","25","±28","(X)","(X)","37","±47","(X)","(X)","96","±49","(X)","(X)","51","±29","(X)","(X)","45","±37","(X)","(X)","311","±120","(X)","(X)","162","±86","(X)","(X)","149","±79","(X)","(X)"
"        High school graduate or higher","144","±83","92.9%","±12.1","95","±61","100.0%","±22.9","49","±39","81.7%","±26.8","79","±55","100.0%","±26.6","41","±38","100.0%","±40.6","38","±50","100.0%","±42.2","496","±162","86.4%","±10.1","228","±101","83.5%","±16.9","268","±105","89.0%","±12.0","38","±31","100.0%","±42.2","28","±27","100.0%","±49.2","10","±15","100.0%","±82.2","36","±30","70.6%","±37.3","20","±21","100.0%","±58.2","16","±25","51.6%","±51.6","151","±99","89.9%","±15.5","19","±21","57.6%","±41.5","132","±98","97.8%","±3.9","36","±39","100.0%","±43.3","32","±36","100.0%","±46.0","4","±7","100.0%","±100.0","55","±45","91.7%","±18.9","47","±44","90.4%","±22.7","8","±7","100.0%","±92.0","45","±52","88.2%","±25.2","35","±51","89.7%","±33.3","10","±9","83.3%","±31.8","163","±83","98.2%","±3.9","78","±62","100.0%","±26.9","85","±52","96.6%","±7.8","56","±42","88.9%","±10.7","34","±32","94.4%","±9.0","22","±22","81.5%","±21.5","58","±45","100.0%","±33.4","12","±20","100.0%","±75.1","46","±41","100.0%","±38.3","17","±15","100.0%","±63.1","12","±15","100.0%","±75.1","5","±6","100.0%","±100.0","62","±54","100.0%","±31.9","25","±28","100.0%","±52.0","37","±47","100.0%","±42.8","76","±48","79.2%","±20.8","31","±21","60.8%","±30.0","45","±37","100.0%","±38.8","289","±113","92.9%","±8.2","154","±84","95.1%","±11.2","135","±75","90.6%","±12.8"
"        Bachelor's degree or higher","15","±19","9.7%","±12.0","5","±9","5.3%","±10.1","10","±16","16.7%","±24.6","0","±24","0.0%","±26.6","0","±24","0.0%","±40.6","0","±24","0.0%","±42.2","293","±125","51.0%","±14.1","128","±76","46.9%","±21.5","165","±82","54.8%","±17.9","29","±25","76.3%","±31.3","19","±22","67.9%","±45.3","10","±15","100.0%","±82.2","21","±23","41.2%","±31.2","5","±8","25.0%","±38.1","16","±25","51.6%","±51.6","4","±6","2.4%","±3.9","0","±24","0.0%","±45.3","4","±6","3.0%","±5.1","0","±22","0.0%","±43.3","0","±22","0.0%","±46.0","0","±22","0.0%","±100.0","7","±8","11.7%","±21.0","2","±6","3.8%","±17.5","5","±5","62.5%","±49.5","6","±6","11.8%","±19.8","0","±24","0.0%","±41.6","6","±6","50.0%","±40.8","47","±45","28.3%","±24.1","22","±33","28.2%","±38.1","25","±32","28.4%","±30.2","21","±28","33.3%","±31.8","21","±28","58.3%","±45.6","0","±16","0.0%","±50.1","46","±41","79.3%","±31.3","0","±22","0.0%","±75.1","46","±41","100.0%","±38.3","0","±24","0.0%","±63.1","0","±24","0.0%","±75.1","0","±24","0.0%","±100.0","30","±29","48.4%","±46.1","21","±27","84.0%","±31.9","9","±11","24.3%","±48.4","37","±37","38.5%","±31.5","12","±11","23.5%","±19.6","25","±34","55.6%","±47.9","97","±61","31.2%","±15.6","38","±43","23.5%","±22.6","59","±46","39.6%","±27.4"
"    Two or more races","2,067","±196","(X)","(X)","1,026","±114","(X)","(X)","1,041","±113","(X)","(X)","491","±89","(X)","(X)","219","±58","(X)","(X)","272","±71","(X)","(X)","3,201","±320","(X)","(X)","1,435","±222","(X)","(X)","1,766","±227","(X)","(X)","336","±115","(X)","(X)","144","±76","(X)","(X)","192","±57","(X)","(X)","390","±89","(X)","(X)","186","±52","(X)","(X)","204","±58","(X)","(X)","1,118","±203","(X)","(X)","540","±125","(X)","(X)","578","±138","(X)","(X)","531","±103","(X)","(X)","334","±94","(X)","(X)","197","±83","(X)","(X)","220","±78","(X)","(X)","126","±56","(X)","(X)","94","±43","(X)","(X)","558","±145","(X)","(X)","264","±97","(X)","(X)","294","±110","(X)","(X)","1,490","±227","(X)","(X)","692","±146","(X)","(X)","798","±162","(X)","(X)","114","±63","(X)","(X)","52","±42","(X)","(X)","62","±41","(X)","(X)","466","±142","(X)","(X)","281","±117","(X)","(X)","185","±77","(X)","(X)","513","±94","(X)","(X)","222","±75","(X)","(X)","291","±70","(X)","(X)","413","±93","(X)","(X)","140","±53","(X)","(X)","273","±83","(X)","(X)","304","±70","(X)","(X)","193","±53","(X)","(X)","111","±37","(X)","(X)","1,691","±299","(X)","(X)","873","±241","(X)","(X)","818","±195","(X)","(X)"
"        High school graduate or higher","1,756","±165","85.0%","±4.9","887","±119","86.5%","±6.7","869","±108","83.5%","±6.5","438","±82","89.2%","±5.0","186","±55","84.9%","±10.0","252","±70","92.6%","±6.0","2,838","±301","88.7%","±4.0","1,266","±202","88.2%","±6.3","1,572","±232","89.0%","±5.5","309","±109","92.0%","±8.8","125","±68","86.8%","±18.2","184","±58","95.8%","±7.1","289","±98","74.1%","±17.6","124","±61","66.7%","±23.6","165","±59","80.9%","±15.8","991","±185","88.6%","±7.8","472","±107","87.4%","±9.2","519","±138","89.8%","±8.8","470","±111","88.5%","±9.1","295","±98","88.3%","±9.8","175","±81","88.8%","±11.7","212","±76","96.4%","±4.6","118","±56","93.7%","±8.8","94","±43","100.0%","±23.1","535","±142","95.9%","±2.8","248","±95","93.9%","±5.2","287","±110","97.6%","±2.5","1,282","±216","86.0%","±5.6","588","±137","85.0%","±8.3","694","±148","87.0%","±7.4","114","±63","100.0%","±19.6","52","±42","100.0%","±35.8","62","±41","100.0%","±31.9","396","±123","85.0%","±13.2","225","±97","80.1%","±20.0","171","±77","92.4%","±11.0","461","±95","89.9%","±7.9","199","±71","89.6%","±11.5","262","±77","90.0%","±11.2","395","±92","95.6%","±4.5","122","±49","87.1%","±12.6","273","±83","100.0%","±8.7","289","±71","95.1%","±3.7","188","±53","97.4%","±3.0","101","±37","91.0%","±8.6","1,580","±280","93.4%","±5.7","857","±239","98.2%","±2.4","723","±181","88.4%","±11.3"
"        Bachelor's degree or higher","325","±106","15.7%","±4.8","117","±66","11.4%","±6.2","208","±75","20.0%","±6.7","126","±55","25.7%","±9.6","54","±33","24.7%","±11.7","72","±44","26.5%","±13.9","1,149","±199","35.9%","±4.8","489","±133","34.1%","±7.4","660","±158","37.4%","±7.5","23","±18","6.8%","±6.2","12","±12","8.3%","±9.7","11","±13","5.7%","±7.2","124","±67","31.8%","±12.9","55","±46","29.6%","±19.5","69","±36","33.8%","±13.1","337","±114","30.1%","±8.3","143","±76","26.5%","±12.4","194","±88","33.6%","±12.6","103","±67","19.4%","±12.1","27","±22","8.1%","±7.0","76","±62","38.6%","±26.5","55","±42","25.0%","±15.2","12","±15","9.5%","±11.6","43","±31","45.7%","±22.1","108","±56","19.4%","±11.0","41","±34","15.5%","±11.7","67","±41","22.8%","±17.3","325","±88","21.8%","±6.0","120","±63","17.3%","±9.1","205","±76","25.7%","±9.7","57","±39","50.0%","±21.4","28","±31","53.8%","±33.0","29","±22","46.8%","±30.1","57","±47","12.2%","±10.4","36","±40","12.8%","±14.0","21","±23","11.4%","±12.8","130","±72","25.3%","±12.6","71","±50","32.0%","±16.3","59","±47","20.3%","±14.8","147","±68","35.6%","±15.4","43","±30","30.7%","±18.4","104","±60","38.1%","±19.7","80","±30","26.3%","±8.5","40","±22","20.7%","±9.8","40","±18","36.0%","±14.5","406","±142","24.0%","±7.7","232","±126","26.6%","±13.5","174","±94","21.3%","±9.0"
"    Hispanic or Latino Origin","896","±71","(X)","(X)","389","±82","(X)","(X)","507","±46","(X)","(X)","501","±36","(X)","(X)","273","±46","(X)","(X)","228","±32","(X)","(X)","3,467","±142","(X)","(X)","1,555","±70","(X)","(X)","1,912","±115","(X)","(X)","185","±80","(X)","(X)","74","±38","(X)","(X)","111","±48","(X)","(X)","474","±37","(X)","(X)","202","±34","(X)","(X)","272","±10","(X)","(X)","936","±85","(X)","(X)","375","±43","(X)","(X)","561","±83","(X)","(X)","330","±43","(X)","(X)","189","±58","(X)","(X)","141","±50","(X)","(X)","243","±25","(X)","(X)","113","±28","(X)","(X)","130","±22","(X)","(X)","440","±45","(X)","(X)","259","±30","(X)","(X)","181","±42","(X)","(X)","1,021","±71","(X)","(X)","561","±81","(X)","(X)","460","±65","(X)","(X)","134","±33","(X)","(X)","85","±37","(X)","(X)","49","±24","(X)","(X)","383","±4","(X)","(X)","208","±75","(X)","(X)","175","±75","(X)","(X)","308","±52","(X)","(X)","113","±51","(X)","(X)","195","±16","(X)","(X)","395","±30","(X)","(X)","177","±65","(X)","(X)","218","±58","(X)","(X)","311","±74","(X)","(X)","183","±41","(X)","(X)","128","±45","(X)","(X)","2,028","±144","(X)","(X)","1,024","±99","(X)","(X)","1,004","±89","(X)","(X)"
"        High school graduate or higher","742","±90","82.8%","±7.3","338","±73","86.9%","±9.8","404","±63","79.7%","±9.0","453","±51","90.4%","±6.5","241","±54","88.3%","±10.8","212","±37","93.0%","±7.5","3,124","±179","90.1%","±3.7","1,360","±109","87.5%","±5.6","1,764","±148","92.3%","±4.5","169","±79","91.4%","±15.0","74","±38","100.0%","±28.0","95","±47","85.6%","±24.2","442","±30","93.2%","±5.2","185","±32","91.6%","±8.1","257","±21","94.5%","±7.4","830","±127","88.7%","±8.8","297","±91","79.2%","±20.8","533","±92","95.0%","±4.9","309","±47","93.6%","±10.9","168","±65","88.9%","±19.0","141","±50","100.0%","±16.2","238","±26","97.9%","±3.5","108","±28","95.6%","±7.5","130","±22","100.0%","±17.4","405","±50","92.0%","±4.5","235","±33","90.7%","±6.8","170","±41","93.9%","±6.9","941","±73","92.2%","±6.4","521","±79","92.9%","±9.7","420","±63","91.3%","±7.5","134","±33","100.0%","±16.9","85","±37","100.0%","±25.1","49","±24","100.0%","±37.1","359","±29","93.7%","±7.4","208","±75","100.0%","±11.3","151","±86","86.3%","±18.6","266","±52","86.4%","±15.4","96","±47","85.0%","±21.8","170","±30","87.2%","±13.7","359","±52","90.9%","±11.7","144","±61","81.4%","±24.4","215","±58","98.6%","±2.4","254","±64","81.7%","±12.5","144","±35","78.7%","±13.6","110","±43","85.9%","±13.9","1,841","±173","90.8%","±5.7","926","±131","90.4%","±8.1","915","±123","91.1%","±8.2"
"        Bachelor's degree or higher","127","±77","14.2%","±7.8","84","±68","21.6%","±14.0","43","±29","8.5%","±5.7","195","±81","38.9%","±14.9","117","±64","42.9%","±19.3","78","±45","34.2%","±18.9","1,734","±241","50.0%","±7.1","680","±148","43.7%","±10.0","1,054","±170","55.1%","±8.5","54","±42","29.2%","±24.5","21","±21","28.4%","±27.0","33","±27","29.7%","±26.9","220","±61","46.4%","±14.2","85","±43","42.1%","±22.2","135","±37","49.6%","±14.0","331","±113","35.4%","±12.0","145","±97","38.7%","±24.2","186","±66","33.2%","±11.5","123","±64","37.3%","±19.7","70","±54","37.0%","±24.6","53","±43","37.6%","±32.5","78","±34","32.1%","±13.8","17","±15","15.0%","±13.5","61","±30","46.9%","±21.9","51","±39","11.6%","±8.8","41","±38","15.8%","±14.7","10","±9","5.5%","±4.9","274","±95","26.8%","±9.1","57","±47","10.2%","±8.3","217","±80","47.2%","±13.7","55","±39","41.0%","±26.1","46","±40","54.1%","±33.7","9","±13","18.4%","±25.5","158","±65","41.3%","±17.1","126","±67","60.6%","±19.5","32","±37","18.3%","±20.4","52","±34","16.9%","±11.3","19","±23","16.8%","±18.7","33","±29","16.9%","±15.1","126","±52","31.9%","±13.5","47","±34","26.6%","±20.7","79","±36","36.2%","±18.6","81","±51","26.0%","±13.0","27","±21","14.8%","±10.3","54","±40","42.2%","±22.8","548","±142","27.0%","±6.7","273","±94","26.7%","±9.0","275","±103","27.4%","±10.3"
"POVERTY RATE FOR THE POPULATION 25 YEARS AND OVER FOR WHOM POVERTY STATUS IS DETERMINED BY EDUCATIONAL ATTAINMENT LEVEL","","","","","","","","","","","","","","","","","","","","","","","","","","","","","","","","","","","","","","","","","","","","","","","","","","","","","","","","","","","","","","","","","","","","","","","","","","","","","","","","","","","","","","","","","","","","","","","","","","","","","","","","","","","","","","","","","","","","","","","","","","","","","","","","","","","","","","","","","","","","","","","","","","","","","","","","","","","","","","","","","","","","","","","","","","","","","","","","","","","","","","","","","","","","","","","",""
"    Less than high school graduate","(X)","(X)","22.8%","±3.3","(X)","(X)","18.7%","±4.2","(X)","(X)","27.2%","±4.7","(X)","(X)","27.8%","±3.6","(X)","(X)","26.9%","±4.4","(X)","(X)","28.9%","±6.2","(X)","(X)","28.2%","±4.0","(X)","(X)","23.8%","±4.3","(X)","(X)","33.5%","±6.0","(X)","(X)","17.9%","±4.5","(X)","(X)","10.3%","±4.2","(X)","(X)","30.0%","±9.1","(X)","(X)","27.2%","±5.0","(X)","(X)","21.1%","±6.2","(X)","(X)","35.3%","±8.0","(X)","(X)","25.5%","±3.7","(X)","(X)","23.3%","±4.6","(X)","(X)","28.8%","±5.4","(X)","(X)","18.7%","±6.6","(X)","(X)","18.0%","±7.5","(X)","(X)","19.8%","±11.7","(X)","(X)","32.9%","±7.7","(X)","(X)","33.1%","±9.8","(X)","(X)","32.7%","±11.1","(X)","(X)","30.8%","±7.8","(X)","(X)","26.4%","±5.3","(X)","(X)","36.0%","±15.9","(X)","(X)","25.7%","±3.7","(X)","(X)","24.6%","±3.6","(X)","(X)","27.1%","±6.4","(X)","(X)","31.7%","±7.9","(X)","(X)","30.1%","±9.5","(X)","(X)","34.4%","±11.7","(X)","(X)","21.9%","±6.4","(X)","(X)","20.5%","±8.3","(X)","(X)","24.1%","±11.0","(X)","(X)","43.0%","±5.9","(X)","(X)","37.6%","±6.8","(X)","(X)","49.6%","±9.1","(X)","(X)","25.4%","±7.9","(X)","(X)","21.6%","±8.0","(X)","(X)","31.4%","±10.3","(X)","(X)","31.5%","±4.2","(X)","(X)","31.8%","±5.3","(X)","(X)","31.1%","±5.7","(X)","(X)","18.0%","±3.6","(X)","(X)","17.7%","±4.7","(X)","(X)","18.3%","±5.5"
"    High school graduate (includes equivalency)","(X)","(X)","12.4%","±1.4","(X)","(X)","10.4%","±1.8","(X)","(X)","14.7%","±2.3","(X)","(X)","17.5%","±1.9","(X)","(X)","15.4%","±2.3","(X)","(X)","19.8%","±2.5","(X)","(X)","13.6%","±1.3","(X)","(X)","12.7%","±1.7","(X)","(X)","14.6%","±1.8","(X)","(X)","12.4%","±2.3","(X)","(X)","8.7%","±2.8","(X)","(X)","16.7%","±4.2","(X)","(X)","14.0%","±2.1","(X)","(X)","10.7%","±2.1","(X)","(X)","17.4%","±2.8","(X)","(X)","13.8%","±1.4","(X)","(X)","10.9%","±1.6","(X)","(X)","16.7%","±2.3","(X)","(X)","9.9%","±2.2","(X)","(X)","8.1%","±2.6","(X)","(X)","11.7%","±3.2","(X)","(X)","13.0%","±2.9","(X)","(X)","9.8%","±3.4","(X)","(X)","16.4%","±4.0","(X)","(X)","14.3%","±2.2","(X)","(X)","11.6%","±2.7","(X)","(X)","17.3%","±2.7","(X)","(X)","16.0%","±1.3","(X)","(X)","13.3%","±1.7","(X)","(X)","18.8%","±1.8","(X)","(X)","18.8%","±2.5","(X)","(X)","13.2%","±2.7","(X)","(X)","25.3%","±4.2","(X)","(X)","12.2%","±2.8","(X)","(X)","7.0%","±2.6","(X)","(X)","17.0%","±3.9","(X)","(X)","20.0%","±2.4","(X)","(X)","17.7%","±3.2","(X)","(X)","22.6%","±3.2","(X)","(X)","14.1%","±2.5","(X)","(X)","10.4%","±2.0","(X)","(X)","18.0%","±4.6","(X)","(X)","19.7%","±2.8","(X)","(X)","14.6%","±2.0","(X)","(X)","25.2%","±4.7","(X)","(X)","9.2%","±1.3","(X)","(X)","7.3%","±1.3","(X)","(X)","11.3%","±1.8"
"    Some college or associate's degree","(X)","(X)","7.6%","±1.1","(X)","(X)","6.4%","±1.6","(X)","(X)","8.6%","±1.4","(X)","(X)","12.3%","±1.5","(X)","(X)","9.8%","±1.8","(X)","(X)","14.5%","±2.1","(X)","(X)","8.5%","±1.1","(X)","(X)","7.1%","±1.4","(X)","(X)","9.9%","±1.5","(X)","(X)","7.2%","±1.8","(X)","(X)","6.3%","±2.5","(X)","(X)","7.9%","±2.4","(X)","(X)","7.3%","±1.6","(X)","(X)","5.4%","±2.5","(X)","(X)","8.8%","±2.1","(X)","(X)","11.0%","±1.6","(X)","(X)","8.0%","±1.6","(X)","(X)","13.5%","±2.4","(X)","(X)","10.3%","±2.5","(X)","(X)","6.0%","±2.6","(X)","(X)","13.5%","±3.9","(X)","(X)","10.5%","±2.3","(X)","(X)","9.4%","±3.9","(X)","(X)","11.5%","±2.8","(X)","(X)","10.3%","±2.1","(X)","(X)","9.5%","±2.5","(X)","(X)","11.0%","±2.7","(X)","(X)","10.6%","±1.3","(X)","(X)","7.9%","±1.6","(X)","(X)","13.0%","±1.9","(X)","(X)","13.4%","±3.0","(X)","(X)","12.2%","±4.2","(X)","(X)","14.5%","±3.7","(X)","(X)","6.6%","±1.9","(X)","(X)","4.0%","±2.2","(X)","(X)","9.1%","±2.8","(X)","(X)","10.8%","±1.8","(X)","(X)","7.8%","±2.1","(X)","(X)","13.3%","±2.7","(X)","(X)","11.7%","±2.4","(X)","(X)","9.4%","±3.4","(X)","(X)","13.7%","±3.3","(X)","(X)","14.3%","±1.8","(X)","(X)","9.8%","±1.9","(X)","(X)","17.6%","±2.8","(X)","(X)","5.6%","±0.9","(X)","(X)","4.6%","±1.3","(X)","(X)","6.5%","±1.2"
"    Bachelor's degree or higher","(X)","(X)","3.2%","±0.9","(X)","(X)","3.9%","±1.4","(X)","(X)","2.6%","±0.9","(X)","(X)","6.1%","±1.2","(X)","(X)","5.7%","±1.8","(X)","(X)","6.5%","±1.4","(X)","(X)","3.9%","±0.5","(X)","(X)","3.9%","±0.8","(X)","(X)","3.8%","±0.5","(X)","(X)","6.6%","±2.3","(X)","(X)","3.9%","±2.4","(X)","(X)","8.7%","±3.1","(X)","(X)","5.3%","±1.2","(X)","(X)","3.6%","±1.4","(X)","(X)","6.7%","±1.8","(X)","(X)","3.8%","±0.9","(X)","(X)","3.8%","±1.3","(X)","(X)","3.8%","±1.0","(X)","(X)","3.8%","±1.2","(X)","(X)","4.7%","±2.0","(X)","(X)","3.0%","±1.2","(X)","(X)","3.0%","±0.9","(X)","(X)","2.7%","±1.1","(X)","(X)","3.3%","±1.0","(X)","(X)","5.2%","±1.5","(X)","(X)","4.6%","±1.4","(X)","(X)","5.6%","±2.3","(X)","(X)","5.1%","±1.0","(X)","(X)","4.9%","±1.7","(X)","(X)","5.2%","±1.2","(X)","(X)","6.1%","±2.3","(X)","(X)","3.9%","±2.2","(X)","(X)","7.7%","±3.2","(X)","(X)","2.5%","±1.0","(X)","(X)","2.1%","±1.3","(X)","(X)","2.9%","±1.2","(X)","(X)","5.7%","±1.6","(X)","(X)","5.1%","±2.3","(X)","(X)","6.2%","±2.1","(X)","(X)","5.4%","±1.2","(X)","(X)","3.8%","±1.3","(X)","(X)","6.6%","±1.8","(X)","(X)","7.9%","±1.7","(X)","(X)","5.9%","±2.7","(X)","(X)","9.5%","±2.3","(X)","(X)","2.8%","±0.6","(X)","(X)","2.1%","±0.6","(X)","(X)","3.3%","±0.8"
"MEDIAN EARNINGS IN THE PAST 12 MONTHS (IN 2019 INFLATION-ADJUSTED DOLLARS)","","","","","","","","","","","","","","","","","","","","","","","","","","","","","","","","","","","","","","","","","","","","","","","","","","","","","","","","","","","","","","","","","","","","","","","","","","","","","","","","","","","","","","","","","","","","","","","","","","","","","","","","","","","","","","","","","","","","","","","","","","","","","","","","","","","","","","","","","","","","","","","","","","","","","","","","","","","","","","","","","","","","","","","","","","","","","","","","","","","","","","","","","","","","","","","",""
"    Population 25 years and over with earnings","37,358","±981","(X)","(X)","42,660","±1,470","(X)","(X)","32,235","±775","(X)","(X)","33,106","±1,324","(X)","(X)","39,174","±1,500","(X)","(X)","28,551","±1,135","(X)","(X)","44,389","±770","(X)","(X)","50,851","±914","(X)","(X)","38,987","±766","(X)","(X)","31,705","±1,419","(X)","(X)","38,792","±3,780","(X)","(X)","26,753","±1,071","(X)","(X)","35,688","±1,334","(X)","(X)","41,676","±1,652","(X)","(X)","30,646","±1,092","(X)","(X)","38,611","±1,007","(X)","(X)","44,281","±1,112","(X)","(X)","32,240","±969","(X)","(X)","32,925","±2,067","(X)","(X)","40,124","±2,549","(X)","(X)","28,499","±1,907","(X)","(X)","33,812","±2,198","(X)","(X)","40,972","±1,711","(X)","(X)","27,181","±1,030","(X)","(X)","30,744","±854","(X)","(X)","37,847","±2,345","(X)","(X)","26,098","±964","(X)","(X)","35,945","±820","(X)","(X)","40,552","±1,177","(X)","(X)","31,643","±763","(X)","(X)","29,590","±1,870","(X)","(X)","35,032","±2,565","(X)","(X)","24,699","±2,917","(X)","(X)","41,274","±1,307","(X)","(X)","46,818","±2,937","(X)","(X)","36,230","±2,484","(X)","(X)","31,274","±835","(X)","(X)","38,383","±1,832","(X)","(X)","26,106","±1,166","(X)","(X)","33,002","±1,839","(X)","(X)","38,044","±1,946","(X)","(X)","30,422","±1,690","(X)","(X)","29,626","±1,477","(X)","(X)","35,801","±1,787","(X)","(X)","24,122","±1,713","(X)","(X)","41,213","±632","(X)","(X)","49,280","±1,513","(X)","(X)","34,332","±1,124","(X)","(X)"
"        Less than high school graduate","21,189","±1,231","(X)","(X)","27,827","±7,015","(X)","(X)","16,805","±1,692","(X)","(X)","19,094","±4,608","(X)","(X)","21,659","±3,847","(X)","(X)","12,586","±4,227","(X)","(X)","23,814","±2,959","(X)","(X)","28,048","±3,419","(X)","(X)","17,575","±2,029","(X)","(X)","15,028","±9,800","(X)","(X)","16,167","±15,423","(X)","(X)","11,851","±5,792","(X)","(X)","25,813","±2,219","(X)","(X)","33,073","±5,194","(X)","(X)","13,482","±13,225","(X)","(X)","23,921","±1,483","(X)","(X)","26,129","±5,277","(X)","(X)","17,446","±4,606","(X)","(X)","26,214","±9,981","(X)","(X)","40,068","±20,932","(X)","(X)","17,872","±8,154","(X)","(X)","21,818","±6,941","(X)","(X)","30,486","±9,681","(X)","(X)","-","**","(X)","(X)","23,671","±1,794","(X)","(X)","24,788","±4,191","(X)","(X)","18,500","±6,320","(X)","(X)","25,292","±3,361","(X)","(X)","30,164","±5,469","(X)","(X)","15,508","±5,004","(X)","(X)","16,250","±8,591","(X)","(X)","14,417","±12,067","(X)","(X)","20,357","±3,588","(X)","(X)","21,452","±8,061","(X)","(X)","20,040","±5,968","(X)","(X)","33,750","±23,624","(X)","(X)","13,750","±3,925","(X)","(X)","17,969","±5,591","(X)","(X)","11,875","±1,590","(X)","(X)","21,569","±6,778","(X)","(X)","26,023","±6,297","(X)","(X)","12,946","±4,877","(X)","(X)","23,417","±3,038","(X)","(X)","26,182","±2,796","(X)","(X)","17,059","±5,286","(X)","(X)","30,000","±5,391","(X)","(X)","30,996","±2,822","(X)","(X)","26,292","±4,691","(X)","(X)"
"        High school graduate (includes equivalency)","31,996","±1,029","(X)","(X)","38,086","±1,915","(X)","(X)","25,926","±1,206","(X)","(X)","27,079","±1,046","(X)","(X)","31,772","±1,586","(X)","(X)","21,685","±1,600","(X)","(X)","31,729","±822","(X)","(X)","37,290","±2,164","(X)","(X)","25,724","±1,012","(X)","(X)","29,488","±2,493","(X)","(X)","35,689","±2,428","(X)","(X)","23,030","±2,459","(X)","(X)","30,793","±1,180","(X)","(X)","40,017","±2,802","(X)","(X)","23,401","±2,417","(X)","(X)","31,022","±863","(X)","(X)","36,992","±1,843","(X)","(X)","25,785","±1,025","(X)","(X)","29,032","±2,582","(X)","(X)","34,698","±3,634","(X)","(X)","23,816","±3,123","(X)","(X)","29,560","±1,624","(X)","(X)","34,671","±3,717","(X)","(X)","26,005","±1,166","(X)","(X)","27,432","±1,725","(X)","(X)","35,750","±3,568","(X)","(X)","21,101","±1,131","(X)","(X)","29,097","±1,414","(X)","(X)","34,051","±2,446","(X)","(X)","21,643","±1,613","(X)","(X)","26,181","±2,209","(X)","(X)","30,838","±2,923","(X)","(X)","17,234","±5,245","(X)","(X)","31,615","±1,264","(X)","(X)","39,722","±8,524","(X)","(X)","28,012","±6,027","(X)","(X)","27,126","±1,075","(X)","(X)","32,750","±3,092","(X)","(X)","21,124","±1,710","(X)","(X)","27,590","±2,135","(X)","(X)","32,927","±4,009","(X)","(X)","20,973","±1,869","(X)","(X)","27,250","±1,351","(X)","(X)","32,481","±3,043","(X)","(X)","18,920","±2,032","(X)","(X)","34,072","±1,840","(X)","(X)","41,181","±1,276","(X)","(X)","26,531","±1,535","(X)","(X)"
"        Some college or associate's degree","36,742","±1,380","(X)","(X)","44,490","±1,443","(X)","(X)","31,172","±813","(X)","(X)","34,478","±1,988","(X)","(X)","41,914","±2,709","(X)","(X)","28,905","±1,605","(X)","(X)","39,665","±1,139","(X)","(X)","43,938","±2,268","(X)","(X)","35,303","±1,567","(X)","(X)","32,358","±3,506","(X)","(X)","42,754","±4,190","(X)","(X)","27,526","±1,744","(X)","(X)","33,190","±2,562","(X)","(X)","38,728","±3,625","(X)","(X)","30,481","±1,502","(X)","(X)","36,302","±1,529","(X)","(X)","44,538","±1,589","(X)","(X)","30,386","±1,317","(X)","(X)","30,575","±2,041","(X)","(X)","40,753","±7,014","(X)","(X)","25,720","±2,483","(X)","(X)","32,013","±2,369","(X)","(X)","41,403","±3,578","(X)","(X)","23,896","±1,583","(X)","(X)","30,130","±1,907","(X)","(X)","42,855","±4,306","(X)","(X)","25,515","±1,648","(X)","(X)","33,322","±1,312","(X)","(X)","40,285","±1,765","(X)","(X)","29,464","±1,399","(X)","(X)","31,342","±3,307","(X)","(X)","36,548","±2,813","(X)","(X)","26,130","±3,185","(X)","(X)","40,947","±2,138","(X)","(X)","48,424","±4,753","(X)","(X)","30,980","±1,843","(X)","(X)","32,099","±1,445","(X)","(X)","44,393","±4,992","(X)","(X)","26,256","±2,403","(X)","(X)","32,444","±1,517","(X)","(X)","38,682","±5,191","(X)","(X)","27,277","±5,299","(X)","(X)","27,792","±2,449","(X)","(X)","40,359","±2,996","(X)","(X)","23,250","±2,622","(X)","(X)","39,955","±1,136","(X)","(X)","49,548","±2,239","(X)","(X)","32,524","±1,133","(X)","(X)"
"        Bachelor's degree","47,124","±4,598","(X)","(X)","53,469","±3,436","(X)","(X)","41,815","±2,367","(X)","(X)","43,575","±2,046","(X)","(X)","47,024","±4,680","(X)","(X)","40,984","±1,874","(X)","(X)","51,031","±1,391","(X)","(X)","62,498","±2,117","(X)","(X)","42,569","±1,489","(X)","(X)","40,630","±4,893","(X)","(X)","48,254","±6,204","(X)","(X)","32,500","±6,327","(X)","(X)","41,367","±2,028","(X)","(X)","47,847","±3,879","(X)","(X)","37,156","±4,608","(X)","(X)","44,978","±2,209","(X)","(X)","54,533","±5,510","(X)","(X)","39,066","±1,612","(X)","(X)","38,710","±3,215","(X)","(X)","44,736","±3,740","(X)","(X)","34,747","±3,766","(X)","(X)","42,155","±2,341","(X)","(X)","50,345","±6,470","(X)","(X)","36,295","±4,657","(X)","(X)","38,704","±3,976","(X)","(X)","41,989","±7,592","(X)","(X)","37,303","±4,131","(X)","(X)","43,572","±1,451","(X)","(X)","47,157","±2,770","(X)","(X)","39,391","±2,391","(X)","(X)","36,921","±4,131","(X)","(X)","40,000","±4,533","(X)","(X)","29,978","±10,646","(X)","(X)","48,432","±3,507","(X)","(X)","55,543","±10,946","(X)","(X)","41,496","±3,011","(X)","(X)","43,397","±4,394","(X)","(X)","56,223","±7,045","(X)","(X)","34,954","±3,994","(X)","(X)","41,195","±2,287","(X)","(X)","46,377","±6,508","(X)","(X)","36,911","±3,079","(X)","(X)","35,357","±2,330","(X)","(X)","45,644","±7,266","(X)","(X)","30,375","±2,742","(X)","(X)","49,226","±2,710","(X)","(X)","62,615","±3,613","(X)","(X)","39,204","±1,904","(X)","(X)"
"        Graduate or professional degree","62,574","±8,034","(X)","(X)","71,109","±10,452","(X)","(X)","57,553","±5,885","(X)","(X)","52,764","±3,456","(X)","(X)","62,708","±15,092","(X)","(X)","47,007","±5,645","(X)","(X)","65,124","±1,988","(X)","(X)","76,609","±3,761","(X)","(X)","60,404","±1,774","(X)","(X)","50,273","±9,925","(X)","(X)","49,904","±13,643","(X)","(X)","50,417","±11,166","(X)","(X)","51,735","±5,229","(X)","(X)","65,703","±6,085","(X)","(X)","45,811","±5,909","(X)","(X)","63,256","±2,826","(X)","(X)","74,276","±4,641","(X)","(X)","54,456","±3,912","(X)","(X)","53,740","±3,397","(X)","(X)","57,299","±8,701","(X)","(X)","49,894","±6,223","(X)","(X)","53,250","±3,220","(X)","(X)","68,250","±8,282","(X)","(X)","47,674","±5,733","(X)","(X)","52,983","±4,923","(X)","(X)","53,889","±13,938","(X)","(X)","52,582","±6,828","(X)","(X)","58,941","±2,866","(X)","(X)","67,668","±7,729","(X)","(X)","55,355","±2,213","(X)","(X)","47,500","±8,013","(X)","(X)","66,458","±23,590","(X)","(X)","41,394","±9,821","(X)","(X)","58,875","±6,319","(X)","(X)","69,875","±22,720","(X)","(X)","55,923","±4,781","(X)","(X)","59,792","±5,348","(X)","(X)","66,875","±24,716","(X)","(X)","59,077","±4,983","(X)","(X)","51,734","±3,997","(X)","(X)","53,750","±11,173","(X)","(X)","51,595","±2,956","(X)","(X)","42,990","±3,326","(X)","(X)","37,464","±8,932","(X)","(X)","44,952","±4,672","(X)","(X)","59,477","±3,265","(X)","(X)","73,651","±6,750","(X)","(X)","52,163","±3,613","(X)","(X)"