"Label","Beaverhead County, Montana!!Estimate","Beaverhead County, Montana!!Percent","Big Horn County, Montana!!Estimate","Big Horn County, Montana!!Percent","Blaine County, Montana!!Estimate","Blaine County, Montana!!Percent","Broadwater County, Montana!!Estimate","Broadwater County, Montana!!Percent","Carbon County, Montana!!Estimate","Carbon County, Montana!!Percent","Carter County, Montana!!Estimate","Carter County, Montana!!Percent","Cascade County, Montana!!Estimate","Cascade County, Montana!!Percent","Chouteau County, Montana!!Estimate","Chouteau County, Montana!!Percent","Custer County, Montana!!Estimate","Custer County, Montana!!Percent","Daniels County, Montana!!Estimate","Daniels County, Montana!!Percent","Dawson County, Montana!!Estimate","Dawson County, Montana!!Percent","Deer Lodge County, Montana!!Estimate","Deer Lodge County, Montana!!Percent","Fallon County, Montana!!Estimate","Fallon County, Montana!!Percent","Fergus County, Montana!!Estimate","Fergus County, Montana!!Percent","Flathead County, Montana!!Estimate","Flathead County, Montana!!Percent","Gallatin County, Montana!!Estimate","Gallatin County, Montana!!Percent","Garfield County, Montana!!Estimate","Garfield County, Montana!!Percent","Glacier County, Montana!!Estimate","Glacier County, Montana!!Percent","Golden Valley County, Montana!!Estimate","Golden Valley County, Montana!!Percent","Granite County, Montana!!Estimate","Granite County, Montana!!Percent","Hill County, Montana!!Estimate","Hill County, Montana!!Percent","Jefferson County, Montana!!Estimate","Jefferson County, Montana!!Percent","Judith Basin County, Montana!!Estimate","Judith Basin County, Montana!!Percent","Lake County, Montana!!Estimate","Lake County, Montana!!Percent","Lewis and Clark County, Montana!!Estimate","Lewis and Clark County, Montana!!Percent","Liberty County, Montana!!Estimate","Liberty County, Montana!!Percent","Lincoln County, Montana!!Estimate","Lincoln County, Montana!!Percent","McCone County, Montana!!Estimate","McCone County, Montana!!Percent","Madison County, Montana!!Estimate","Madison County, Montana!!Percent","Meagher County, Montana!!Estimate","Meagher County, Montana!!Percent","Mineral County, Montana!!Estimate","Mineral County, Montana!!Percent","Missoula County, Montana!!Estimate","Missoula County, Montana!!Percent","Musselshell County, Montana!!Estimate","Musselshell County, Montana!!Percent","Park County, Montana!!Estimate","Park County, Montana!!Percent","Petroleum County, Montana!!Estimate","Petroleum County, Montana!!Percent","Phillips County, Montana!!Estimate","Phillips County, Montana!!Percent","Pondera County, Montana!!Estimate","Pondera County, Montana!!Percent","Powder River County, Montana!!Estimate","Powder River County, Montana!!Percent","Powell County, Montana!!Estimate","Powell County, Montana!!Percent","Prairie County, Montana!!Estimate","Prairie County, Montana!!Percent","Ravalli County, Montana!!Estimate","Ravalli County, Montana!!Percent","Richland County, Montana!!Estimate","Richland County, Montana!!Percent","Roosevelt County, Montana!!Estimate","Roosevelt County, Montana!!Percent","Rosebud County, Montana!!Estimate","Rosebud County, Montana!!Percent","Sanders County, Montana!!Estimate","Sanders County, Montana!!Percent","Sheridan County, Montana!!Estimate","Sheridan County, Montana!!Percent","Silver Bow County, Montana!!Estimate","Silver Bow County, Montana!!Percent","Stillwater County, Montana!!Estimate","Stillwater County, Montana!!Percent","Sweet Grass County, Montana!!Estimate","Sweet Grass County, Montana!!Percent","Teton County, Montana!!Estimate","Teton County, Montana!!Percent","Toole County, Montana!!Estimate","Toole County, Montana!!Percent","Treasure County, Montana!!Estimate","Treasure County, Montana!!Percent","Valley County, Montana!!Estimate","Valley County, Montana!!Percent","Wheatland County, Montana!!Estimate","Wheatland County, Montana!!Percent","Wibaux County, Montana!!Estimate","Wibaux County, Montana!!Percent","Yellowstone County, Montana!!Estimate","Yellowstone County, Montana!!Percent"
"SEX AND AGE","","","","","","","","","","","","","","","","","","","","","","","","","","","","","","","","","","","","","","","","","","","","","","","","","","","","","","","","","","","","","","","","","","","","","","","","","","","","","","","","","","","","","","","","","","","","","","","","","","","","","","","","","","","","","","","",""
"    Total population","9,415","9,415","13,387","13,387","6,719","6,719","5,945","5,945","10,597","10,597","1,331","1,331","81,625","81,625","5,732","5,732","11,729","11,729","1,730","1,730","9,017","9,017","9,106","9,106","2,921","2,921","11,221","11,221","99,899","99,899","108,063","108,063","1,036","1,036","13,732","13,732","728","728","3,311","3,311","16,436","16,436","11,917","11,917","1,954","1,954","30,013","30,013","67,805","67,805","2,351","2,351","19,537","19,537","1,790","1,790","8,302","8,302","1,888","1,888","4,251","4,251","117,309","117,309","4,766","4,766","16,352","16,352","453","453","4,077","4,077","5,994","5,994","1,607","1,607","6,854","6,854","1,252","1,252","42,512","42,512","11,199","11,199","11,175","11,175","9,152","9,152","11,681","11,681","3,483","3,483","34,770","34,770","9,466","9,466","3,670","3,670","6,086","6,086","4,892","4,892","668","668","7,471","7,471","2,142","2,142","1,122","1,122","159,008","159,008"
"        Male","4,682","49.7%","6,680","49.9%","3,350","49.9%","3,035","51.1%","5,372","50.7%","683","51.3%","41,235","50.5%","2,819","49.2%","5,850","49.9%","925","53.5%","4,759","52.8%","4,796","52.7%","1,467","50.2%","5,742","51.2%","49,898","49.9%","56,112","51.9%","552","53.3%","6,767","49.3%","370","50.8%","1,708","51.6%","8,307","50.5%","6,027","50.6%","1,064","54.5%","14,899","49.6%","33,580","49.5%","1,115","47.4%","9,711","49.7%","902","50.4%","4,294","51.7%","974","51.6%","2,177","51.2%","58,730","50.1%","2,379","49.9%","8,141","49.8%","235","51.9%","2,089","51.2%","2,974","49.6%","811","50.5%","4,294","62.6%","643","51.4%","21,114","49.7%","5,709","51.0%","5,502","49.2%","4,567","49.9%","5,995","51.3%","1,747","50.2%","17,613","50.7%","4,713","49.8%","1,840","50.1%","2,973","48.8%","2,720","55.6%","328","49.1%","3,700","49.5%","1,032","48.2%","524","46.7%","78,348","49.3%"
"        Female","4,733","50.3%","6,707","50.1%","3,369","50.1%","2,910","48.9%","5,225","49.3%","648","48.7%","40,390","49.5%","2,913","50.8%","5,879","50.1%","805","46.5%","4,258","47.2%","4,310","47.3%","1,454","49.8%","5,479","48.8%","50,001","50.1%","51,951","48.1%","484","46.7%","6,965","50.7%","358","49.2%","1,603","48.4%","8,129","49.5%","5,890","49.4%","890","45.5%","15,114","50.4%","34,225","50.5%","1,236","52.6%","9,826","50.3%","888","49.6%","4,008","48.3%","914","48.4%","2,074","48.8%","58,579","49.9%","2,387","50.1%","8,211","50.2%","218","48.1%","1,988","48.8%","3,020","50.4%","796","49.5%","2,560","37.4%","609","48.6%","21,398","50.3%","5,490","49.0%","5,673","50.8%","4,585","50.1%","5,686","48.7%","1,736","49.8%","17,157","49.3%","4,753","50.2%","1,830","49.9%","3,113","51.2%","2,172","44.4%","340","50.9%","3,771","50.5%","1,110","51.8%","598","53.3%","80,660","50.7%"
"        Sex ratio (males per 100 females)","98.9","(X)","99.6","(X)","99.4","(X)","104.3","(X)","102.8","(X)","105.4","(X)","102.1","(X)","96.8","(X)","99.5","(X)","114.9","(X)","111.8","(X)","111.3","(X)","100.9","(X)","104.8","(X)","99.8","(X)","108.0","(X)","114.0","(X)","97.2","(X)","103.4","(X)","106.6","(X)","102.2","(X)","102.3","(X)","119.6","(X)","98.6","(X)","98.1","(X)","90.2","(X)","98.8","(X)","101.6","(X)","107.1","(X)","106.6","(X)","105.0","(X)","100.3","(X)","99.7","(X)","99.1","(X)","107.8","(X)","105.1","(X)","98.5","(X)","101.9","(X)","167.7","(X)","105.6","(X)","98.7","(X)","104.0","(X)","97.0","(X)","99.6","(X)","105.4","(X)","100.6","(X)","102.7","(X)","99.2","(X)","100.5","(X)","95.5","(X)","125.2","(X)","96.5","(X)","98.1","(X)","93.0","(X)","87.6","(X)","97.1","(X)"
"        Under 5 years","452","4.8%","1,158","8.7%","568","8.5%","272","4.6%","377","3.6%","82","6.2%","5,495","6.7%","315","5.5%","668","5.7%","87","5.0%","575","6.4%","343","3.8%","180","6.2%","705","6.3%","5,698","5.7%","6,144","5.7%","69","6.7%","1,257","9.2%","23","3.2%","123","3.7%","1,452","8.8%","469","3.9%","94","4.8%","1,844","6.1%","3,848","5.7%","115","4.9%","841","4.3%","117","6.5%","320","3.9%","152","8.1%","186","4.4%","5,815","5.0%","191","4.0%","763","4.7%","34","7.5%","279","6.8%","431","7.2%","106","6.6%","251","3.7%","53","4.2%","1,918","4.5%","686","6.1%","1,020","9.1%","667","7.3%","543","4.6%","232","6.7%","2,048","5.9%","430","4.5%","162","4.4%","399","6.6%","261","5.3%","35","5.2%","432","5.8%","131","6.1%","115","10.2%","10,004","6.3%"
"        5 to 9 years","470","5.0%","1,434","10.7%","599","8.9%","261","4.4%","525","5.0%","127","9.5%","5,066","6.2%","458","8.0%","712","6.1%","81","4.7%","572","6.3%","343","3.8%","228","7.8%","537","4.8%","5,966","6.0%","6,002","5.6%","60","5.8%","1,091","7.9%","30","4.1%","156","4.7%","1,301","7.9%","544","4.6%","68","3.5%","2,090","7.0%","4,185","6.2%","162","6.9%","1,130","5.8%","173","9.7%","429","5.2%","79","4.2%","218","5.1%","6,025","5.1%","275","5.8%","699","4.3%","10","2.2%","292","7.2%","387","6.5%","16","1.0%","256","3.7%","79","6.3%","2,150","5.1%","720","6.4%","1,018","9.1%","611","6.7%","575","4.9%","255","7.3%","2,011","5.8%","538","5.7%","160","4.4%","430","7.1%","292","6.0%","27","4.0%","353","4.7%","182","8.5%","63","5.6%","10,695","6.7%"
"        10 to 14 years","410","4.4%","1,251","9.3%","535","8.0%","384","6.5%","596","5.6%","52","3.9%","5,074","6.2%","350","6.1%","706","6.0%","137","7.9%","442","4.9%","398","4.4%","217","7.4%","726","6.5%","6,610","6.6%","6,197","5.7%","36","3.5%","1,409","10.3%","38","5.2%","199","6.0%","1,126","6.9%","857","7.2%","120","6.1%","1,994","6.6%","4,161","6.1%","145","6.2%","826","4.2%","84","4.7%","301","3.6%","113","6.0%","209","4.9%","6,795","5.8%","267","5.6%","885","5.4%","37","8.2%","235","5.8%","410","6.8%","80","5.0%","325","4.7%","112","8.9%","2,486","5.8%","929","8.3%","1,149","10.3%","858","9.4%","586","5.0%","144","4.1%","1,844","5.3%","694","7.3%","241","6.6%","401","6.6%","154","3.1%","22","3.3%","556","7.4%","153","7.1%","81","7.2%","10,791","6.8%"
"        15 to 19 years","836","8.9%","1,142","8.5%","524","7.8%","407","6.8%","614","5.8%","33","2.5%","4,461","5.5%","329","5.7%","775","6.6%","97","5.6%","632","7.0%","644","7.1%","160","5.5%","585","5.2%","5,796","5.8%","7,388","6.8%","73","7.0%","926","6.7%","26","3.6%","296","8.9%","1,163","7.1%","860","7.2%","138","7.1%","1,947","6.5%","4,204","6.2%","142","6.0%","1,048","5.4%","80","4.5%","344","4.1%","93","4.9%","246","5.8%","7,579","6.5%","318","6.7%","732","4.5%","21","4.6%","258","6.3%","473","7.9%","73","4.5%","371","5.4%","62","5.0%","2,541","6.0%","842","7.5%","839","7.5%","702","7.7%","618","5.3%","124","3.6%","1,998","5.7%","662","7.0%","158","4.3%","378","6.2%","274","5.6%","35","5.2%","403","5.4%","127","5.9%","43","3.8%","9,302","5.9%"
"        20 to 24 years","843","9.0%","801","6.0%","363","5.4%","333","5.6%","362","3.4%","72","5.4%","6,174","7.6%","351","6.1%","632","5.4%","45","2.6%","475","5.3%","456","5.0%","142","4.9%","477","4.3%","5,087","5.1%","13,337","12.3%","65","6.3%","907","6.6%","26","3.6%","83","2.5%","1,181","7.2%","548","4.6%","51","2.6%","1,516","5.1%","3,698","5.5%","50","2.1%","667","3.4%","107","6.0%","331","4.0%","115","6.1%","193","4.5%","12,143","10.4%","174","3.7%","762","4.7%","1","0.2%","131","3.2%","231","3.9%","118","7.3%","352","5.1%","24","1.9%","1,864","4.4%","591","5.3%","706","6.3%","555","6.1%","430","3.7%","202","5.8%","3,131","9.0%","381","4.0%","224","6.1%","308","5.1%","325","6.6%","29","4.3%","315","4.2%","135","6.3%","43","3.8%","9,560","6.0%"
"        25 to 34 years","923","9.8%","1,577","11.8%","846","12.6%","453","7.6%","920","8.7%","137","10.3%","11,354","13.9%","659","11.5%","1,458","12.4%","111","6.4%","1,155","12.8%","869","9.5%","376","12.9%","1,305","11.6%","11,718","11.7%","17,389","16.1%","96","9.3%","1,894","13.8%","43","5.9%","165","5.0%","2,187","13.3%","1,004","8.4%","159","8.1%","3,166","10.5%","8,429","12.4%","271","11.5%","1,577","8.1%","194","10.8%","943","11.4%","180","9.5%","374","8.8%","18,504","15.8%","350","7.3%","2,011","12.3%","51","11.3%","362","8.9%","676","11.3%","146","9.1%","888","13.0%","48","3.8%","3,639","8.6%","1,432","12.8%","1,546","13.8%","981","10.7%","856","7.3%","435","12.5%","3,975","11.4%","798","8.4%","317","8.6%","567","9.3%","607","12.4%","51","7.6%","931","12.5%","201","9.4%","94","8.4%","22,006","13.8%"
"        35 to 44 years","965","10.2%","1,391","10.4%","734","10.9%","621","10.4%","1,210","11.4%","123","9.2%","9,029","11.1%","591","10.3%","1,317","11.2%","247","14.3%","1,082","12.0%","1,164","12.8%","359","12.3%","1,242","11.1%","12,429","12.4%","14,686","13.6%","112","10.8%","1,537","11.2%","44","6.0%","324","9.8%","1,781","10.8%","1,248","10.5%","216","11.1%","3,098","10.3%","8,186","12.1%","251","10.7%","1,833","9.4%","133","7.4%","778","9.4%","189","10.0%","367","8.6%","15,153","12.9%","498","10.4%","1,986","12.1%","37","8.2%","420","10.3%","600","10.0%","122","7.6%","933","13.6%","187","14.9%","4,598","10.8%","1,429","12.8%","1,220","10.9%","960","10.5%","1,083","9.3%","317","9.1%","3,969","11.4%","1,016","10.7%","314","8.6%","613","10.1%","617","12.6%","38","5.7%","819","11.0%","224","10.5%","76","6.8%","19,899","12.5%"
"        45 to 54 years","953","10.1%","1,507","11.3%","701","10.4%","829","13.9%","1,410","13.3%","153","11.5%","9,105","11.2%","641","11.2%","1,405","12.0%","196","11.3%","1,006","11.2%","1,196","13.1%","307","10.5%","1,287","11.5%","12,105","12.1%","11,429","10.6%","114","11.0%","1,411","10.3%","96","13.2%","366","11.1%","1,680","10.2%","1,718","14.4%","229","11.7%","3,363","11.2%","8,419","12.4%","254","10.8%","2,471","12.6%","188","10.5%","926","11.2%","190","10.1%","507","11.9%","13,135","11.2%","617","12.9%","2,149","13.1%","65","14.3%","499","12.2%","682","11.4%","184","11.4%","1,050","15.3%","115","9.2%","5,468","12.9%","1,310","11.7%","1,111","9.9%","1,070","11.7%","1,274","10.9%","402","11.5%","4,232","12.2%","1,191","12.6%","424","11.6%","729","12.0%","626","12.8%","79","11.8%","838","11.2%","234","10.9%","182","16.2%","19,085","12.0%"
"        55 to 59 years","735","7.8%","659","4.9%","509","7.6%","435","7.3%","961","9.1%","134","10.1%","5,360","6.6%","370","6.5%","917","7.8%","194","11.2%","735","8.2%","723","7.9%","111","3.8%","886","7.9%","7,030","7.0%","6,074","5.6%","85","8.2%","943","6.9%","82","11.3%","282","8.5%","1,199","7.3%","920","7.7%","219","11.2%","2,179","7.3%","5,305","7.8%","150","6.4%","1,661","8.5%","161","9.0%","626","7.5%","185","9.8%","388","9.1%","7,667","6.5%","429","9.0%","1,413","8.6%","44","9.7%","318","7.8%","435","7.3%","130","8.1%","565","8.2%","133","10.6%","3,281","7.7%","724","6.5%","687","6.1%","583","6.4%","1,089","9.3%","222","6.4%","2,444","7.0%","831","8.8%","195","5.3%","488","8.0%","437","8.9%","56","8.4%","557","7.5%","147","6.9%","74","6.6%","10,901","6.9%"
"        60 to 64 years","818","8.7%","842","6.3%","327","4.9%","558","9.4%","974","9.2%","117","8.8%","5,557","6.8%","522","9.1%","896","7.6%","112","6.5%","669","7.4%","895","9.8%","320","11.0%","866","7.7%","8,777","8.8%","6,202","5.7%","87","8.4%","736","5.4%","135","18.5%","352","10.6%","975","5.9%","1,301","10.9%","217","11.1%","2,393","8.0%","5,177","7.6%","221","9.4%","2,065","10.6%","104","5.8%","902","10.9%","139","7.4%","370","8.7%","6,840","5.8%","412","8.6%","1,386","8.5%","52","11.5%","372","9.1%","471","7.9%","192","11.9%","492","7.2%","89","7.1%","3,893","9.2%","888","7.9%","639","5.7%","811","8.9%","1,121","9.6%","343","9.8%","2,599","7.5%","846","8.9%","365","9.9%","393","6.5%","474","9.7%","104","15.6%","609","8.2%","176","8.2%","101","9.0%","10,490","6.6%"
"        65 to 74 years","1,108","11.8%","1,024","7.6%","599","8.9%","860","14.5%","1,649","15.6%","146","11.0%","8,371","10.3%","669","11.7%","1,215","10.4%","173","10.0%","911","10.1%","1,241","13.6%","266","9.1%","1,458","13.0%","11,658","11.7%","8,399","7.8%","138","13.3%","967","7.0%","110","15.1%","578","17.5%","1,404","8.5%","1,696","14.2%","285","14.6%","3,860","12.9%","7,649","11.3%","284","12.1%","3,380","17.3%","219","12.2%","1,573","18.9%","262","13.9%","720","16.9%","11,022","9.4%","761","16.0%","2,209","13.5%","31","6.8%","478","11.7%","630","10.5%","243","15.1%","806","11.8%","235","18.8%","6,555","15.4%","1,031","9.2%","740","6.6%","895","9.8%","2,182","18.7%","448","12.9%","3,790","10.9%","1,315","13.9%","582","15.9%","728","12.0%","453","9.3%","131","19.6%","866","11.6%","251","11.7%","141","12.6%","15,234","9.6%"
"        75 to 84 years","679","7.2%","452","3.4%","270","4.0%","426","7.2%","636","6.0%","119","8.9%","4,434","5.4%","308","5.4%","731","6.2%","150","8.7%","641","7.1%","656","7.2%","150","5.1%","754","6.7%","5,302","5.3%","3,665","3.4%","75","7.2%","470","3.4%","50","6.9%","274","8.3%","739","4.5%","563","4.7%","125","6.4%","2,075","6.9%","3,067","4.5%","162","6.9%","1,539","7.9%","149","8.3%","540","6.5%","111","5.9%","392","9.2%","4,943","4.2%","380","8.0%","924","5.7%","60","13.2%","345","8.5%","350","5.8%","127","7.9%","467","6.8%","72","5.8%","3,169","7.5%","364","3.3%","368","3.3%","366","4.0%","1,126","9.6%","223","6.4%","2,081","6.0%","585","6.2%","397","10.8%","486","8.0%","242","4.9%","51","7.6%","649","8.7%","130","6.1%","59","5.3%","7,354","4.6%"
"        85 years and over","223","2.4%","149","1.1%","144","2.1%","106","1.8%","363","3.4%","36","2.7%","2,145","2.6%","169","2.9%","297","2.5%","100","5.8%","122","1.4%","178","2.0%","105","3.6%","393","3.5%","1,723","1.7%","1,151","1.1%","26","2.5%","184","1.3%","25","3.4%","113","3.4%","248","1.5%","189","1.6%","33","1.7%","488","1.6%","1,477","2.2%","144","6.1%","499","2.6%","81","4.5%","289","3.5%","80","4.2%","81","1.9%","1,688","1.4%","94","2.0%","433","2.6%","10","2.2%","88","2.2%","218","3.6%","70","4.4%","98","1.4%","43","3.4%","950","2.2%","253","2.3%","132","1.2%","93","1.0%","198","1.7%","136","3.9%","648","1.9%","179","1.9%","131","3.6%","166","2.7%","130","2.7%","10","1.5%","143","1.9%","51","2.4%","50","4.5%","3,687","2.3%"
"        Median age (years)","43.0","(X)","30.7","(X)","33.8","(X)","47.3","(X)","50.5","(X)","47.8","(X)","38.3","(X)","41.9","(X)","41.4","(X)","49.2","(X)","41.0","(X)","48.6","(X)","39.3","(X)","45.3","(X)","42.2","(X)","33.4","(X)","45.8","(X)","31.9","(X)","56.9","(X)","54.3","(X)","34.3","(X)","47.6","(X)","51.7","(X)","42.3","(X)","40.8","(X)","46.5","(X)","52.4","(X)","46.6","(X)","53.0","(X)","48.0","(X)","51.7","(X)","36.0","(X)","50.1","(X)","46.3","(X)","51.8","(X)","49.0","(X)","40.7","(X)","53.4","(X)","45.5","(X)","48.7","(X)","49.1","(X)","38.6","(X)","30.2","(X)","36.8","(X)","53.9","(X)","46.3","(X)","40.0","(X)","46.8","(X)","52.0","(X)","44.4","(X)","43.1","(X)","56.8","(X)","44.3","(X)","41.1","(X)","47.1","(X)","38.4","(X)"
"        Under 18 years","1,654","17.6%","4,541","33.9%","2,007","29.9%","1,157","19.5%","1,878","17.7%","287","21.6%","18,345","22.5%","1,356","23.7%","2,575","22.0%","394","22.8%","1,912","21.2%","1,450","15.9%","727","24.9%","2,346","20.9%","22,022","22.0%","21,648","20.0%","212","20.5%","4,336","31.6%","105","14.4%","625","18.9%","4,546","27.7%","2,512","21.1%","399","20.4%","7,159","23.9%","14,615","21.6%","533","22.7%","3,558","18.2%","421","23.5%","1,273","15.3%","363","19.2%","784","18.4%","22,265","19.0%","946","19.8%","2,879","17.6%","91","20.1%","952","23.4%","1,471","24.5%","261","16.2%","1,030","15.0%","285","22.8%","8,225","19.3%","2,833","25.3%","3,746","33.5%","2,615","28.6%","2,081","17.8%","708","20.3%","7,017","20.2%","2,106","22.2%","694","18.9%","1,468","24.1%","931","19.0%","106","15.9%","1,646","22.0%","538","25.1%","301","26.8%","37,451","23.6%"
"        16 years and over","8,052","85.5%","9,251","69.1%","4,891","72.8%","4,969","83.6%","8,966","84.6%","1,059","79.6%","64,975","79.6%","4,556","79.5%","9,506","81.0%","1,405","81.2%","7,330","81.3%","7,934","87.1%","2,269","77.7%","9,112","81.2%","80,383","80.5%","88,657","82.0%","843","81.4%","9,659","70.3%","634","87.1%","2,797","84.5%","12,391","75.4%","9,839","82.6%","1,643","84.1%","23,604","78.6%","54,690","80.7%","1,907","81.1%","16,352","83.7%","1,379","77.0%","7,203","86.8%","1,536","81.4%","3,595","84.6%","97,367","83.0%","3,919","82.2%","13,855","84.7%","370","81.7%","3,194","78.3%","4,671","77.9%","1,384","86.1%","5,969","87.1%","998","79.7%","35,191","82.8%","8,702","77.7%","7,804","69.8%","6,891","75.3%","9,848","84.3%","2,819","80.9%","28,582","82.2%","7,676","81.1%","3,063","83.5%","4,768","78.3%","4,123","84.3%","579","86.7%","6,056","81.1%","1,667","77.8%","859","76.6%","125,538","79.0%"
"        18 years and over","7,761","82.4%","8,846","66.1%","4,712","70.1%","4,788","80.5%","8,719","82.3%","1,044","78.4%","63,280","77.5%","4,376","76.3%","9,154","78.0%","1,336","77.2%","7,105","78.8%","7,656","84.1%","2,194","75.1%","8,875","79.1%","77,877","78.0%","86,415","80.0%","824","79.5%","9,396","68.4%","623","85.6%","2,686","81.1%","11,890","72.3%","9,405","78.9%","1,555","79.6%","22,854","76.1%","53,190","78.4%","1,818","77.3%","15,979","81.8%","1,369","76.5%","7,029","84.7%","1,525","80.8%","3,467","81.6%","95,044","81.0%","3,820","80.2%","13,473","82.4%","362","79.9%","3,125","76.6%","4,523","75.5%","1,346","83.8%","5,824","85.0%","967","77.2%","34,287","80.7%","8,366","74.7%","7,429","66.5%","6,537","71.4%","9,600","82.2%","2,775","79.7%","27,753","79.8%","7,360","77.8%","2,976","81.1%","4,618","75.9%","3,961","81.0%","562","84.1%","5,825","78.0%","1,604","74.9%","821","73.2%","121,557","76.4%"
"        21 years and over","6,973","74.1%","8,262","61.7%","4,430","65.9%","4,550","76.5%","8,448","79.7%","1,034","77.7%","60,256","73.8%","4,265","74.4%","8,749","74.6%","1,327","76.7%","6,716","74.5%","7,295","80.1%","2,110","72.2%","8,627","76.9%","74,717","74.8%","79,173","73.3%","789","76.2%","8,843","64.4%","605","83.1%","2,500","75.5%","11,077","67.4%","9,090","76.3%","1,530","78.3%","21,904","73.0%","50,445","74.4%","1,781","75.8%","15,593","79.8%","1,319","73.7%","6,858","82.6%","1,443","76.4%","3,392","79.8%","88,867","75.8%","3,678","77.2%","13,139","80.4%","350","77.3%","2,980","73.1%","4,246","70.8%","1,321","82.2%","5,549","81.0%","945","75.5%","33,103","77.9%","7,938","70.9%","7,006","62.7%","6,200","67.7%","9,232","79.0%","2,711","77.8%","25,968","74.7%","7,076","74.8%","2,940","80.1%","4,397","72.2%","3,882","79.4%","549","82.2%","5,683","76.1%","1,519","70.9%","819","73.0%","116,802","73.5%"
"        62 years and over","2,371","25.2%","2,084","15.6%","1,148","17.1%","1,745","29.4%","3,192","30.1%","392","29.5%","18,325","22.5%","1,522","26.6%","2,742","23.4%","484","28.0%","2,062","22.9%","2,589","28.4%","632","21.6%","3,078","27.4%","24,089","24.1%","16,630","15.4%","291","28.1%","1,998","14.5%","240","33.0%","1,181","35.7%","2,926","17.8%","3,227","27.1%","585","29.9%","7,759","25.9%","15,324","22.6%","714","30.4%","6,586","33.7%","517","28.9%","2,978","35.9%","538","28.5%","1,403","33.0%","21,575","18.4%","1,507","31.6%","4,411","27.0%","131","28.9%","1,150","28.2%","1,401","23.4%","590","36.7%","1,676","24.5%","390","31.2%","12,918","30.4%","2,105","18.8%","1,640","14.7%","1,913","20.9%","4,294","36.8%","1,031","29.6%","7,928","22.8%","2,579","27.2%","1,289","35.1%","1,601","26.3%","1,121","22.9%","226","33.8%","2,054","27.5%","536","25.0%","278","24.8%","32,192","20.2%"
"        65 years and over","2,010","21.3%","1,625","12.1%","1,013","15.1%","1,392","23.4%","2,648","25.0%","301","22.6%","14,950","18.3%","1,146","20.0%","2,243","19.1%","423","24.5%","1,674","18.6%","2,075","22.8%","521","17.8%","2,605","23.2%","18,683","18.7%","13,215","12.2%","239","23.1%","1,621","11.8%","185","25.4%","965","29.1%","2,391","14.5%","2,448","20.5%","443","22.7%","6,423","21.4%","12,193","18.0%","590","25.1%","5,418","27.7%","449","25.1%","2,402","28.9%","453","24.0%","1,193","28.1%","17,653","15.0%","1,235","25.9%","3,566","21.8%","101","22.3%","911","22.3%","1,198","20.0%","440","27.4%","1,371","20.0%","350","28.0%","10,674","25.1%","1,648","14.7%","1,240","11.1%","1,354","14.8%","3,506","30.0%","807","23.2%","6,519","18.7%","2,079","22.0%","1,110","30.2%","1,380","22.7%","825","16.9%","192","28.7%","1,658","22.2%","432","20.2%","250","22.3%","26,275","16.5%"
"        18 years and over","7,761","7,761","8,846","8,846","4,712","4,712","4,788","4,788","8,719","8,719","1,044","1,044","63,280","63,280","4,376","4,376","9,154","9,154","1,336","1,336","7,105","7,105","7,656","7,656","2,194","2,194","8,875","8,875","77,877","77,877","86,415","86,415","824","824","9,396","9,396","623","623","2,686","2,686","11,890","11,890","9,405","9,405","1,555","1,555","22,854","22,854","53,190","53,190","1,818","1,818","15,979","15,979","1,369","1,369","7,029","7,029","1,525","1,525","3,467","3,467","95,044","95,044","3,820","3,820","13,473","13,473","362","362","3,125","3,125","4,523","4,523","1,346","1,346","5,824","5,824","967","967","34,287","34,287","8,366","8,366","7,429","7,429","6,537","6,537","9,600","9,600","2,775","2,775","27,753","27,753","7,360","7,360","2,976","2,976","4,618","4,618","3,961","3,961","562","562","5,825","5,825","1,604","1,604","821","821","121,557","121,557"
"            Male","3,854","49.7%","4,236","47.9%","2,274","48.3%","2,449","51.1%","4,384","50.3%","530","50.8%","31,687","50.1%","2,197","50.2%","4,473","48.9%","676","50.6%","3,762","52.9%","4,010","52.4%","1,131","51.5%","4,440","50.0%","38,421","49.3%","45,018","52.1%","405","49.2%","4,604","49.0%","312","50.1%","1,391","51.8%","5,982","50.3%","4,793","51.0%","840","54.0%","11,151","48.8%","26,097","49.1%","832","45.8%","7,930","49.6%","701","51.2%","3,684","52.4%","805","52.8%","1,803","52.0%","47,357","49.8%","1,897","49.7%","6,638","49.3%","174","48.1%","1,538","49.2%","2,226","49.2%","667","49.6%","3,818","65.6%","511","52.8%","16,778","48.9%","4,302","51.4%","3,661","49.3%","3,264","49.9%","4,887","50.9%","1,364","49.2%","13,899","50.1%","3,711","50.4%","1,468","49.3%","2,269","49.1%","2,280","57.6%","275","48.9%","2,840","48.8%","755","47.1%","381","46.4%","59,221","48.7%"
"            Female","3,907","50.3%","4,610","52.1%","2,438","51.7%","2,339","48.9%","4,335","49.7%","514","49.2%","31,593","49.9%","2,179","49.8%","4,681","51.1%","660","49.4%","3,343","47.1%","3,646","47.6%","1,063","48.5%","4,435","50.0%","39,456","50.7%","41,397","47.9%","419","50.8%","4,792","51.0%","311","49.9%","1,295","48.2%","5,908","49.7%","4,612","49.0%","715","46.0%","11,703","51.2%","27,093","50.9%","986","54.2%","8,049","50.4%","668","48.8%","3,345","47.6%","720","47.2%","1,664","48.0%","47,687","50.2%","1,923","50.3%","6,835","50.7%","188","51.9%","1,587","50.8%","2,297","50.8%","679","50.4%","2,006","34.4%","456","47.2%","17,509","51.1%","4,064","48.6%","3,768","50.7%","3,273","50.1%","4,713","49.1%","1,411","50.8%","13,854","49.9%","3,649","49.6%","1,508","50.7%","2,349","50.9%","1,681","42.4%","287","51.1%","2,985","51.2%","849","52.9%","440","53.6%","62,336","51.3%"
"            Sex ratio (males per 100 females)","98.6","(X)","91.9","(X)","93.3","(X)","104.7","(X)","101.1","(X)","103.1","(X)","100.3","(X)","100.8","(X)","95.6","(X)","102.4","(X)","112.5","(X)","110.0","(X)","106.4","(X)","100.1","(X)","97.4","(X)","108.7","(X)","96.7","(X)","96.1","(X)","100.3","(X)","107.4","(X)","101.3","(X)","103.9","(X)","117.5","(X)","95.3","(X)","96.3","(X)","84.4","(X)","98.5","(X)","104.9","(X)","110.1","(X)","111.8","(X)","108.4","(X)","99.3","(X)","98.6","(X)","97.1","(X)","92.6","(X)","96.9","(X)","96.9","(X)","98.2","(X)","190.3","(X)","112.1","(X)","95.8","(X)","105.9","(X)","97.2","(X)","99.7","(X)","103.7","(X)","96.7","(X)","100.3","(X)","101.7","(X)","97.3","(X)","96.6","(X)","135.6","(X)","95.8","(X)","95.1","(X)","88.9","(X)","86.6","(X)","95.0","(X)"
"        65 years and over","2,010","2,010","1,625","1,625","1,013","1,013","1,392","1,392","2,648","2,648","301","301","14,950","14,950","1,146","1,146","2,243","2,243","423","423","1,674","1,674","2,075","2,075","521","521","2,605","2,605","18,683","18,683","13,215","13,215","239","239","1,621","1,621","185","185","965","965","2,391","2,391","2,448","2,448","443","443","6,423","6,423","12,193","12,193","590","590","5,418","5,418","449","449","2,402","2,402","453","453","1,193","1,193","17,653","17,653","1,235","1,235","3,566","3,566","101","101","911","911","1,198","1,198","440","440","1,371","1,371","350","350","10,674","10,674","1,648","1,648","1,240","1,240","1,354","1,354","3,506","3,506","807","807","6,519","6,519","2,079","2,079","1,110","1,110","1,380","1,380","825","825","192","192","1,658","1,658","432","432","250","250","26,275","26,275"
"            Male","1,029","51.2%","759","46.7%","444","43.8%","729","52.4%","1,318","49.8%","145","48.2%","6,920","46.3%","556","48.5%","1,004","44.8%","173","40.9%","782","46.7%","1,031","49.7%","208","39.9%","1,290","49.5%","9,081","48.6%","6,350","48.1%","142","59.4%","729","45.0%","110","59.5%","512","53.1%","1,127","47.1%","1,299","53.1%","227","51.2%","3,172","49.4%","5,772","47.3%","288","48.8%","2,749","50.7%","205","45.7%","1,287","53.6%","222","49.0%","629","52.7%","8,385","47.5%","617","50.0%","1,744","48.9%","51","50.5%","439","48.2%","570","47.6%","217","49.3%","721","52.6%","187","53.4%","5,153","48.3%","801","48.6%","555","44.8%","664","49.0%","1,819","51.9%","382","47.3%","2,996","46.0%","1,056","50.8%","540","48.6%","658","47.7%","397","48.1%","110","57.3%","769","46.4%","200","46.3%","111","44.4%","11,747","44.7%"
"            Female","981","48.8%","866","53.3%","569","56.2%","663","47.6%","1,330","50.2%","156","51.8%","8,030","53.7%","590","51.5%","1,239","55.2%","250","59.1%","892","53.3%","1,044","50.3%","313","60.1%","1,315","50.5%","9,602","51.4%","6,865","51.9%","97","40.6%","892","55.0%","75","40.5%","453","46.9%","1,264","52.9%","1,149","46.9%","216","48.8%","3,251","50.6%","6,421","52.7%","302","51.2%","2,669","49.3%","244","54.3%","1,115","46.4%","231","51.0%","564","47.3%","9,268","52.5%","618","50.0%","1,822","51.1%","50","49.5%","472","51.8%","628","52.4%","223","50.7%","650","47.4%","163","46.6%","5,521","51.7%","847","51.4%","685","55.2%","690","51.0%","1,687","48.1%","425","52.7%","3,523","54.0%","1,023","49.2%","570","51.4%","722","52.3%","428","51.9%","82","42.7%","889","53.6%","232","53.7%","139","55.6%","14,528","55.3%"
"            Sex ratio (males per 100 females)","104.9","(X)","87.6","(X)","78.0","(X)","110.0","(X)","99.1","(X)","92.9","(X)","86.2","(X)","94.2","(X)","81.0","(X)","69.2","(X)","87.7","(X)","98.8","(X)","66.5","(X)","98.1","(X)","94.6","(X)","92.5","(X)","146.4","(X)","-","(X)","146.7","(X)","113.0","(X)","89.2","(X)","113.1","(X)","105.1","(X)","97.6","(X)","89.9","(X)","95.4","(X)","103.0","(X)","84.0","(X)","115.4","(X)","96.1","(X)","111.5","(X)","90.5","(X)","99.8","(X)","95.7","(X)","102.0","(X)","93.0","(X)","90.8","(X)","97.3","(X)","110.9","(X)","114.7","(X)","93.3","(X)","94.6","(X)","81.0","(X)","96.2","(X)","107.8","(X)","89.9","(X)","85.0","(X)","103.2","(X)","94.7","(X)","91.1","(X)","92.8","(X)","134.1","(X)","86.5","(X)","86.2","(X)","79.9","(X)","80.9","(X)"
"RACE","","","","","","","","","","","","","","","","","","","","","","","","","","","","","","","","","","","","","","","","","","","","","","","","","","","","","","","","","","","","","","","","","","","","","","","","","","","","","","","","","","","","","","","","","","","","","","","","","","","","","","","","","","","","","","","",""
"    Total population","9,415","9,415","13,387","13,387","6,719","6,719","5,945","5,945","10,597","10,597","1,331","1,331","81,625","81,625","5,732","5,732","11,729","11,729","1,730","1,730","9,017","9,017","9,106","9,106","2,921","2,921","11,221","11,221","99,899","99,899","108,063","108,063","1,036","1,036","13,732","13,732","728","728","3,311","3,311","16,436","16,436","11,917","11,917","1,954","1,954","30,013","30,013","67,805","67,805","2,351","2,351","19,537","19,537","1,790","1,790","8,302","8,302","1,888","1,888","4,251","4,251","117,309","117,309","4,766","4,766","16,352","16,352","453","453","4,077","4,077","5,994","5,994","1,607","1,607","6,854","6,854","1,252","1,252","42,512","42,512","11,199","11,199","11,175","11,175","9,152","9,152","11,681","11,681","3,483","3,483","34,770","34,770","9,466","9,466","3,670","3,670","6,086","6,086","4,892","4,892","668","668","7,471","7,471","2,142","2,142","1,122","1,122","159,008","159,008"
"        One race","9,165","97.3%","12,817","95.7%","6,583","98.0%","5,783","97.3%","10,479","98.9%","1,300","97.7%","78,070","95.6%","5,605","97.8%","11,303","96.4%","1,724","99.7%","8,873","98.4%","8,814","96.8%","2,868","98.2%","11,100","98.9%","97,649","97.7%","105,350","97.5%","1,036","100.0%","13,489","98.2%","701","96.3%","3,205","96.8%","15,745","95.8%","11,518","96.7%","1,900","97.2%","27,754","92.5%","65,770","97.0%","2,340","99.5%","19,085","97.7%","1,790","100.0%","8,062","97.1%","1,867","98.9%","4,132","97.2%","113,228","96.5%","4,657","97.7%","15,940","97.5%","453","100.0%","3,857","94.6%","5,891","98.3%","1,544","96.1%","6,624","96.6%","1,252","100.0%","41,510","97.6%","10,791","96.4%","10,595","94.8%","8,936","97.6%","11,323","96.9%","3,343","96.0%","34,124","98.1%","9,277","98.0%","3,580","97.5%","5,904","97.0%","4,814","98.4%","662","99.1%","7,207","96.5%","2,104","98.2%","1,122","100.0%","153,873","96.8%"
"        Two or more races","250","2.7%","570","4.3%","136","2.0%","162","2.7%","118","1.1%","31","2.3%","3,555","4.4%","127","2.2%","426","3.6%","6","0.3%","144","1.6%","292","3.2%","53","1.8%","121","1.1%","2,250","2.3%","2,713","2.5%","0","0.0%","243","1.8%","27","3.7%","106","3.2%","691","4.2%","399","3.3%","54","2.8%","2,259","7.5%","2,035","3.0%","11","0.5%","452","2.3%","0","0.0%","240","2.9%","21","1.1%","119","2.8%","4,081","3.5%","109","2.3%","412","2.5%","0","0.0%","220","5.4%","103","1.7%","63","3.9%","230","3.4%","0","0.0%","1,002","2.4%","408","3.6%","580","5.2%","216","2.4%","358","3.1%","140","4.0%","646","1.9%","189","2.0%","90","2.5%","182","3.0%","78","1.6%","6","0.9%","264","3.5%","38","1.8%","0","0.0%","5,135","3.2%"
"        One race","9,165","97.3%","12,817","95.7%","6,583","98.0%","5,783","97.3%","10,479","98.9%","1,300","97.7%","78,070","95.6%","5,605","97.8%","11,303","96.4%","1,724","99.7%","8,873","98.4%","8,814","96.8%","2,868","98.2%","11,100","98.9%","97,649","97.7%","105,350","97.5%","1,036","100.0%","13,489","98.2%","701","96.3%","3,205","96.8%","15,745","95.8%","11,518","96.7%","1,900","97.2%","27,754","92.5%","65,770","97.0%","2,340","99.5%","19,085","97.7%","1,790","100.0%","8,062","97.1%","1,867","98.9%","4,132","97.2%","113,228","96.5%","4,657","97.7%","15,940","97.5%","453","100.0%","3,857","94.6%","5,891","98.3%","1,544","96.1%","6,624","96.6%","1,252","100.0%","41,510","97.6%","10,791","96.4%","10,595","94.8%","8,936","97.6%","11,323","96.9%","3,343","96.0%","34,124","98.1%","9,277","98.0%","3,580","97.5%","5,904","97.0%","4,814","98.4%","662","99.1%","7,207","96.5%","2,104","98.2%","1,122","100.0%","153,873","96.8%"
"            White","8,922","94.8%","4,009","29.9%","3,026","45.0%","5,736","96.5%","10,240","96.6%","1,290","96.9%","71,577","87.7%","4,456","77.7%","10,990","93.7%","1,655","95.7%","8,522","94.5%","8,459","92.9%","2,785","95.3%","10,602","94.5%","93,989","94.1%","101,395","93.8%","1,029","99.3%","4,381","31.9%","688","94.5%","3,188","96.3%","11,544","70.2%","11,220","94.2%","1,856","95.0%","20,103","67.0%","63,568","93.8%","2,340","99.5%","18,511","94.7%","1,653","92.3%","7,889","95.0%","1,749","92.6%","3,942","92.7%","107,417","91.6%","4,484","94.1%","15,631","95.6%","428","94.5%","3,442","84.4%","4,881","81.4%","1,515","94.3%","6,187","90.3%","1,224","97.8%","40,736","95.8%","10,445","93.3%","4,029","36.1%","5,218","57.0%","10,803","92.5%","3,292","94.5%","32,807","94.4%","9,075","95.9%","3,534","96.3%","5,746","94.4%","4,376","89.5%","632","94.6%","6,429","86.1%","2,024","94.5%","1,101","98.1%","143,434","90.2%"
"            Black or African American","7","0.1%","4","0.0%","27","0.4%","5","0.1%","43","0.4%","0","0.0%","1,080","1.3%","14","0.2%","74","0.6%","0","0.0%","70","0.8%","68","0.7%","1","0.0%","15","0.1%","440","0.4%","426","0.4%","7","0.7%","39","0.3%","10","1.4%","3","0.1%","68","0.4%","45","0.4%","0","0.0%","89","0.3%","183","0.3%","0","0.0%","40","0.2%","0","0.0%","16","0.2%","1","0.1%","34","0.8%","751","0.6%","0","0.0%","73","0.4%","0","0.0%","0","0.0%","8","0.1%","0","0.0%","64","0.9%","0","0.0%","55","0.1%","0","0.0%","24","0.2%","16","0.2%","36","0.3%","0","0.0%","191","0.5%","8","0.1%","0","0.0%","33","0.5%","23","0.5%","0","0.0%","29","0.4%","0","0.0%","0","0.0%","1,183","0.7%"
"            American Indian and Alaska Native","132","1.4%","8,758","65.4%","3,448","51.3%","23","0.4%","139","1.3%","10","0.8%","3,730","4.6%","1,074","18.7%","122","1.0%","55","3.2%","212","2.4%","169","1.9%","30","1.0%","156","1.4%","1,528","1.5%","966","0.9%","0","0.0%","8,924","65.0%","3","0.4%","12","0.4%","3,890","23.7%","125","1.0%","44","2.3%","7,298","24.3%","1,166","1.7%","0","0.0%","256","1.3%","108","6.0%","17","0.2%","26","1.4%","114","2.7%","2,355","2.0%","124","2.6%","134","0.8%","0","0.0%","383","9.4%","926","15.4%","27","1.7%","334","4.9%","15","1.2%","399","0.9%","222","2.0%","6,455","57.8%","3,420","37.4%","407","3.5%","36","1.0%","790","2.3%","93","1.0%","36","1.0%","60","1.0%","371","7.6%","0","0.0%","665","8.9%","73","3.4%","13","1.2%","6,966","4.4%"
"                Cherokee tribal grouping","0","0.0%","0","0.0%","11","0.2%","0","0.0%","23","0.2%","0","0.0%","0","0.0%","0","0.0%","4","0.0%","0","0.0%","0","0.0%","0","0.0%","0","0.0%","0","0.0%","0","0.0%","0","0.0%","0","0.0%","0","0.0%","0","0.0%","0","0.0%","0","0.0%","0","0.0%","0","0.0%","6","0.0%","20","0.0%","0","0.0%","10","0.1%","0","0.0%","0","0.0%","2","0.1%","0","0.0%","42","0.0%","0","0.0%","0","0.0%","0","0.0%","9","0.2%","0","0.0%","0","0.0%","4","0.1%","2","0.2%","9","0.0%","52","0.5%","4","0.0%","0","0.0%","0","0.0%","0","0.0%","6","0.0%","0","0.0%","0","0.0%","2","0.0%","1","0.0%","0","0.0%","0","0.0%","0","0.0%","0","0.0%","103","0.1%"
"                Chippewa tribal grouping","32","0.3%","15","0.1%","53","0.8%","0","0.0%","16","0.2%","0","0.0%","468","0.6%","69","1.2%","0","0.0%","0","0.0%","11","0.1%","0","0.0%","0","0.0%","25","0.2%","494","0.5%","95","0.1%","0","0.0%","66","0.5%","0","0.0%","2","0.1%","234","1.4%","18","0.2%","0","0.0%","115","0.4%","140","0.2%","0","0.0%","8","0.0%","0","0.0%","0","0.0%","0","0.0%","0","0.0%","161","0.1%","84","1.8%","29","0.2%","0","0.0%","73","1.8%","0","0.0%","0","0.0%","12","0.2%","0","0.0%","31","0.1%","101","0.9%","338","3.0%","59","0.6%","14","0.1%","0","0.0%","45","0.1%","21","0.2%","0","0.0%","3","0.0%","9","0.2%","0","0.0%","12","0.2%","0","0.0%","8","0.7%","220","0.1%"
"                Navajo tribal grouping","0","0.0%","62","0.5%","4","0.1%","0","0.0%","0","0.0%","0","0.0%","46","0.1%","0","0.0%","0","0.0%","0","0.0%","0","0.0%","9","0.1%","1","0.0%","29","0.3%","4","0.0%","17","0.0%","0","0.0%","34","0.2%","0","0.0%","0","0.0%","0","0.0%","0","0.0%","0","0.0%","29","0.1%","167","0.2%","0","0.0%","15","0.1%","0","0.0%","0","0.0%","4","0.2%","4","0.1%","24","0.0%","0","0.0%","3","0.0%","0","0.0%","0","0.0%","1","0.0%","0","0.0%","4","0.1%","0","0.0%","4","0.0%","0","0.0%","10","0.1%","49","0.5%","0","0.0%","0","0.0%","5","0.0%","0","0.0%","0","0.0%","0","0.0%","4","0.1%","0","0.0%","0","0.0%","1","0.0%","0","0.0%","29","0.0%"
"                Sioux tribal grouping","0","0.0%","119","0.9%","174","2.6%","6","0.1%","11","0.1%","6","0.5%","73","0.1%","0","0.0%","0","0.0%","0","0.0%","14","0.2%","0","0.0%","2","0.1%","24","0.2%","59","0.1%","11","0.0%","0","0.0%","99","0.7%","0","0.0%","0","0.0%","34","0.2%","0","0.0%","0","0.0%","195","0.6%","46","0.1%","0","0.0%","7","0.0%","0","0.0%","17","0.2%","7","0.4%","0","0.0%","133","0.1%","25","0.5%","18","0.1%","0","0.0%","3","0.1%","7","0.1%","0","0.0%","24","0.4%","0","0.0%","22","0.1%","0","0.0%","1,551","13.9%","119","1.3%","0","0.0%","1","0.0%","204","0.6%","0","0.0%","0","0.0%","0","0.0%","15","0.3%","0","0.0%","77","1.0%","0","0.0%","0","0.0%","397","0.2%"
"            Asian","59","0.6%","12","0.1%","7","0.1%","0","0.0%","30","0.3%","0","0.0%","595","0.7%","36","0.6%","11","0.1%","14","0.8%","22","0.2%","69","0.8%","51","1.7%","66","0.6%","698","0.7%","1,472","1.4%","0","0.0%","6","0.0%","0","0.0%","2","0.1%","71","0.4%","6","0.1%","0","0.0%","100","0.3%","464","0.7%","0","0.0%","79","0.4%","29","1.6%","3","0.0%","3","0.2%","36","0.8%","2,174","1.9%","43","0.9%","51","0.3%","25","5.5%","12","0.3%","6","0.1%","0","0.0%","26","0.4%","10","0.8%","226","0.5%","3","0.0%","67","0.6%","95","1.0%","49","0.4%","9","0.3%","263","0.8%","32","0.3%","10","0.3%","16","0.3%","32","0.7%","28","4.2%","16","0.2%","7","0.3%","8","0.7%","1,110","0.7%"
"                Asian Indian","0","0.0%","0","0.0%","0","0.0%","0","0.0%","0","0.0%","0","0.0%","64","0.1%","3","0.1%","0","0.0%","0","0.0%","0","0.0%","0","0.0%","0","0.0%","0","0.0%","99","0.1%","157","0.1%","0","0.0%","3","0.0%","0","0.0%","0","0.0%","0","0.0%","0","0.0%","0","0.0%","0","0.0%","75","0.1%","0","0.0%","0","0.0%","0","0.0%","0","0.0%","0","0.0%","0","0.0%","88","0.1%","0","0.0%","0","0.0%","0","0.0%","0","0.0%","0","0.0%","0","0.0%","0","0.0%","0","0.0%","0","0.0%","0","0.0%","0","0.0%","31","0.3%","2","0.0%","0","0.0%","0","0.0%","0","0.0%","0","0.0%","0","0.0%","0","0.0%","0","0.0%","0","0.0%","0","0.0%","0","0.0%","16","0.0%"
"                Chinese","12","0.1%","0","0.0%","0","0.0%","0","0.0%","16","0.2%","0","0.0%","136","0.2%","15","0.3%","0","0.0%","7","0.4%","0","0.0%","15","0.2%","0","0.0%","24","0.2%","83","0.1%","453","0.4%","0","0.0%","0","0.0%","0","0.0%","2","0.1%","0","0.0%","0","0.0%","0","0.0%","19","0.1%","40","0.1%","0","0.0%","0","0.0%","0","0.0%","3","0.0%","0","0.0%","15","0.4%","321","0.3%","0","0.0%","2","0.0%","5","1.1%","0","0.0%","3","0.1%","0","0.0%","26","0.4%","0","0.0%","6","0.0%","3","0.0%","18","0.2%","2","0.0%","3","0.0%","0","0.0%","173","0.5%","28","0.3%","4","0.1%","0","0.0%","17","0.3%","20","3.0%","3","0.0%","0","0.0%","0","0.0%","426","0.3%"
"                Filipino","0","0.0%","12","0.1%","0","0.0%","0","0.0%","4","0.0%","0","0.0%","136","0.2%","14","0.2%","0","0.0%","0","0.0%","19","0.2%","0","0.0%","0","0.0%","42","0.4%","206","0.2%","258","0.2%","0","0.0%","0","0.0%","0","0.0%","0","0.0%","25","0.2%","6","0.1%","0","0.0%","23","0.1%","40","0.1%","0","0.0%","69","0.4%","0","0.0%","0","0.0%","3","0.2%","5","0.1%","490","0.4%","41","0.9%","9","0.1%","20","4.4%","0","0.0%","2","0.0%","0","0.0%","0","0.0%","0","0.0%","88","0.2%","0","0.0%","35","0.3%","39","0.4%","14","0.1%","9","0.3%","44","0.1%","1","0.0%","6","0.2%","12","0.2%","3","0.1%","0","0.0%","1","0.0%","7","0.3%","0","0.0%","284","0.2%"
"                Japanese","0","0.0%","0","0.0%","0","0.0%","0","0.0%","10","0.1%","0","0.0%","15","0.0%","4","0.1%","0","0.0%","0","0.0%","3","0.0%","54","0.6%","51","1.7%","0","0.0%","72","0.1%","70","0.1%","0","0.0%","0","0.0%","0","0.0%","0","0.0%","11","0.1%","0","0.0%","0","0.0%","0","0.0%","152","0.2%","0","0.0%","0","0.0%","0","0.0%","0","0.0%","0","0.0%","0","0.0%","388","0.3%","2","0.0%","0","0.0%","0","0.0%","0","0.0%","1","0.0%","0","0.0%","0","0.0%","0","0.0%","5","0.0%","0","0.0%","10","0.1%","23","0.3%","4","0.0%","0","0.0%","1","0.0%","0","0.0%","0","0.0%","0","0.0%","12","0.2%","8","1.2%","3","0.0%","0","0.0%","0","0.0%","73","0.0%"
"                Korean","0","0.0%","0","0.0%","7","0.1%","0","0.0%","0","0.0%","0","0.0%","9","0.0%","0","0.0%","3","0.0%","7","0.4%","0","0.0%","0","0.0%","0","0.0%","0","0.0%","182","0.2%","253","0.2%","0","0.0%","0","0.0%","0","0.0%","0","0.0%","2","0.0%","0","0.0%","0","0.0%","0","0.0%","95","0.1%","0","0.0%","10","0.1%","29","1.6%","0","0.0%","0","0.0%","0","0.0%","402","0.3%","0","0.0%","23","0.1%","0","0.0%","12","0.3%","0","0.0%","0","0.0%","0","0.0%","10","0.8%","30","0.1%","0","0.0%","0","0.0%","0","0.0%","0","0.0%","0","0.0%","5","0.0%","0","0.0%","0","0.0%","0","0.0%","0","0.0%","0","0.0%","9","0.1%","0","0.0%","0","0.0%","96","0.1%"
"                Vietnamese","0","0.0%","0","0.0%","0","0.0%","0","0.0%","0","0.0%","0","0.0%","97","0.1%","0","0.0%","0","0.0%","0","0.0%","0","0.0%","0","0.0%","0","0.0%","0","0.0%","14","0.0%","36","0.0%","0","0.0%","0","0.0%","0","0.0%","0","0.0%","33","0.2%","0","0.0%","0","0.0%","30","0.1%","50","0.1%","0","0.0%","0","0.0%","0","0.0%","0","0.0%","0","0.0%","14","0.3%","83","0.1%","0","0.0%","0","0.0%","0","0.0%","0","0.0%","0","0.0%","0","0.0%","0","0.0%","0","0.0%","0","0.0%","0","0.0%","0","0.0%","0","0.0%","20","0.2%","0","0.0%","0","0.0%","0","0.0%","0","0.0%","0","0.0%","0","0.0%","0","0.0%","0","0.0%","0","0.0%","8","0.7%","158","0.1%"
"                Other Asian","47","0.5%","0","0.0%","0","0.0%","0","0.0%","0","0.0%","0","0.0%","138","0.2%","0","0.0%","8","0.1%","0","0.0%","0","0.0%","0","0.0%","0","0.0%","0","0.0%","42","0.0%","245","0.2%","0","0.0%","3","0.0%","0","0.0%","0","0.0%","0","0.0%","0","0.0%","0","0.0%","28","0.1%","12","0.0%","0","0.0%","0","0.0%","0","0.0%","0","0.0%","0","0.0%","2","0.0%","402","0.3%","0","0.0%","17","0.1%","0","0.0%","0","0.0%","0","0.0%","0","0.0%","0","0.0%","0","0.0%","97","0.2%","0","0.0%","4","0.0%","0","0.0%","6","0.1%","0","0.0%","40","0.1%","3","0.0%","0","0.0%","4","0.1%","0","0.0%","0","0.0%","0","0.0%","0","0.0%","0","0.0%","57","0.0%"
"            Native Hawaiian and Other Pacific Islander","5","0.1%","6","0.0%","0","0.0%","0","0.0%","0","0.0%","0","0.0%","65","0.1%","2","0.0%","20","0.2%","0","0.0%","0","0.0%","7","0.1%","0","0.0%","209","1.9%","47","0.0%","7","0.0%","0","0.0%","13","0.1%","0","0.0%","0","0.0%","0","0.0%","0","0.0%","0","0.0%","53","0.2%","47","0.1%","0","0.0%","46","0.2%","0","0.0%","0","0.0%","0","0.0%","0","0.0%","79","0.1%","0","0.0%","19","0.1%","0","0.0%","0","0.0%","0","0.0%","0","0.0%","0","0.0%","0","0.0%","0","0.0%","18","0.2%","0","0.0%","0","0.0%","1","0.0%","0","0.0%","5","0.0%","0","0.0%","0","0.0%","0","0.0%","0","0.0%","0","0.0%","22","0.3%","0","0.0%","0","0.0%","136","0.1%"
"                Native Hawaiian","0","0.0%","0","0.0%","0","0.0%","0","0.0%","0","0.0%","0","0.0%","28","0.0%","0","0.0%","6","0.1%","0","0.0%","0","0.0%","1","0.0%","0","0.0%","209","1.9%","23","0.0%","7","0.0%","0","0.0%","10","0.1%","0","0.0%","0","0.0%","0","0.0%","0","0.0%","0","0.0%","17","0.1%","32","0.0%","0","0.0%","0","0.0%","0","0.0%","0","0.0%","0","0.0%","0","0.0%","79","0.1%","0","0.0%","0","0.0%","0","0.0%","0","0.0%","0","0.0%","0","0.0%","0","0.0%","0","0.0%","0","0.0%","18","0.2%","0","0.0%","0","0.0%","0","0.0%","0","0.0%","0","0.0%","0","0.0%","0","0.0%","0","0.0%","0","0.0%","0","0.0%","0","0.0%","0","0.0%","0","0.0%","8","0.0%"
"                Guamanian or Chamorro","0","0.0%","0","0.0%","0","0.0%","0","0.0%","0","0.0%","0","0.0%","29","0.0%","0","0.0%","0","0.0%","0","0.0%","0","0.0%","0","0.0%","0","0.0%","0","0.0%","0","0.0%","0","0.0%","0","0.0%","3","0.0%","0","0.0%","0","0.0%","0","0.0%","0","0.0%","0","0.0%","13","0.0%","0","0.0%","0","0.0%","0","0.0%","0","0.0%","0","0.0%","0","0.0%","0","0.0%","0","0.0%","0","0.0%","0","0.0%","0","0.0%","0","0.0%","0","0.0%","0","0.0%","0","0.0%","0","0.0%","0","0.0%","0","0.0%","0","0.0%","0","0.0%","1","0.0%","0","0.0%","0","0.0%","0","0.0%","0","0.0%","0","0.0%","0","0.0%","0","0.0%","0","0.0%","0","0.0%","0","0.0%","33","0.0%"
"                Samoan","0","0.0%","0","0.0%","0","0.0%","0","0.0%","0","0.0%","0","0.0%","0","0.0%","0","0.0%","14","0.1%","0","0.0%","0","0.0%","6","0.1%","0","0.0%","0","0.0%","24","0.0%","0","0.0%","0","0.0%","0","0.0%","0","0.0%","0","0.0%","0","0.0%","0","0.0%","0","0.0%","4","0.0%","15","0.0%","0","0.0%","0","0.0%","0","0.0%","0","0.0%","0","0.0%","0","0.0%","0","0.0%","0","0.0%","0","0.0%","0","0.0%","0","0.0%","0","0.0%","0","0.0%","0","0.0%","0","0.0%","0","0.0%","0","0.0%","0","0.0%","0","0.0%","0","0.0%","0","0.0%","0","0.0%","0","0.0%","0","0.0%","0","0.0%","0","0.0%","0","0.0%","0","0.0%","0","0.0%","0","0.0%","95","0.1%"
"                Other Pacific Islander","5","0.1%","6","0.0%","0","0.0%","0","0.0%","0","0.0%","0","0.0%","8","0.0%","2","0.0%","0","0.0%","0","0.0%","0","0.0%","0","0.0%","0","0.0%","0","0.0%","0","0.0%","0","0.0%","0","0.0%","0","0.0%","0","0.0%","0","0.0%","0","0.0%","0","0.0%","0","0.0%","19","0.1%","0","0.0%","0","0.0%","46","0.2%","0","0.0%","0","0.0%","0","0.0%","0","0.0%","0","0.0%","0","0.0%","19","0.1%","0","0.0%","0","0.0%","0","0.0%","0","0.0%","0","0.0%","0","0.0%","0","0.0%","0","0.0%","0","0.0%","0","0.0%","0","0.0%","0","0.0%","5","0.0%","0","0.0%","0","0.0%","0","0.0%","0","0.0%","0","0.0%","22","0.3%","0","0.0%","0","0.0%","0","0.0%"
"            Some other race","40","0.4%","28","0.2%","75","1.1%","19","0.3%","27","0.3%","0","0.0%","1,023","1.3%","23","0.4%","86","0.7%","0","0.0%","47","0.5%","42","0.5%","1","0.0%","52","0.5%","947","0.9%","1,084","1.0%","0","0.0%","126","0.9%","0","0.0%","0","0.0%","172","1.0%","122","1.0%","0","0.0%","111","0.4%","342","0.5%","0","0.0%","153","0.8%","0","0.0%","137","1.7%","88","4.7%","6","0.1%","452","0.4%","6","0.1%","32","0.2%","0","0.0%","20","0.5%","70","1.2%","2","0.1%","13","0.2%","3","0.2%","94","0.2%","103","0.9%","20","0.2%","187","2.0%","27","0.2%","6","0.2%","68","0.2%","69","0.7%","0","0.0%","49","0.8%","12","0.2%","2","0.3%","46","0.6%","0","0.0%","0","0.0%","1,044","0.7%"
"        Two or more races","250","2.7%","570","4.3%","136","2.0%","162","2.7%","118","1.1%","31","2.3%","3,555","4.4%","127","2.2%","426","3.6%","6","0.3%","144","1.6%","292","3.2%","53","1.8%","121","1.1%","2,250","2.3%","2,713","2.5%","0","0.0%","243","1.8%","27","3.7%","106","3.2%","691","4.2%","399","3.3%","54","2.8%","2,259","7.5%","2,035","3.0%","11","0.5%","452","2.3%","0","0.0%","240","2.9%","21","1.1%","119","2.8%","4,081","3.5%","109","2.3%","412","2.5%","0","0.0%","220","5.4%","103","1.7%","63","3.9%","230","3.4%","0","0.0%","1,002","2.4%","408","3.6%","580","5.2%","216","2.4%","358","3.1%","140","4.0%","646","1.9%","189","2.0%","90","2.5%","182","3.0%","78","1.6%","6","0.9%","264","3.5%","38","1.8%","0","0.0%","5,135","3.2%"
"            White and Black or African American","31","0.3%","79","0.6%","0","0.0%","0","0.0%","18","0.2%","0","0.0%","686","0.8%","14","0.2%","9","0.1%","0","0.0%","4","0.0%","71","0.8%","0","0.0%","7","0.1%","187","0.2%","296","0.3%","0","0.0%","48","0.3%","0","0.0%","17","0.5%","59","0.4%","16","0.1%","29","1.5%","61","0.2%","283","0.4%","5","0.2%","2","0.0%","0","0.0%","28","0.3%","0","0.0%","17","0.4%","274","0.2%","11","0.2%","74","0.5%","0","0.0%","0","0.0%","14","0.2%","0","0.0%","24","0.4%","0","0.0%","129","0.3%","0","0.0%","0","0.0%","17","0.2%","22","0.2%","58","1.7%","64","0.2%","9","0.1%","0","0.0%","22","0.4%","4","0.1%","0","0.0%","10","0.1%","0","0.0%","0","0.0%","1,299","0.8%"
"            White and American Indian and Alaska Native","110","1.2%","183","1.4%","50","0.7%","117","2.0%","70","0.7%","31","2.3%","1,640","2.0%","99","1.7%","343","2.9%","0","0.0%","109","1.2%","168","1.8%","52","1.8%","75","0.7%","1,102","1.1%","969","0.9%","0","0.0%","144","1.0%","13","1.8%","81","2.4%","440","2.7%","292","2.5%","25","1.3%","1,523","5.1%","1,251","1.8%","0","0.0%","346","1.8%","0","0.0%","178","2.1%","21","1.1%","98","2.3%","2,496","2.1%","85","1.8%","232","1.4%","0","0.0%","170","4.2%","78","1.3%","34","2.1%","152","2.2%","0","0.0%","572","1.3%","130","1.2%","508","4.5%","169","1.8%","267","2.3%","59","1.7%","315","0.9%","115","1.2%","72","2.0%","154","2.5%","38","0.8%","6","0.9%","136","1.8%","0","0.0%","0","0.0%","2,218","1.4%"
"            White and Asian","95","1.0%","20","0.1%","0","0.0%","14","0.2%","21","0.2%","0","0.0%","513","0.6%","10","0.2%","12","0.1%","6","0.3%","24","0.3%","49","0.5%","0","0.0%","0","0.0%","406","0.4%","872","0.8%","0","0.0%","28","0.2%","12","1.6%","0","0.0%","99","0.6%","25","0.2%","0","0.0%","122","0.4%","200","0.3%","0","0.0%","0","0.0%","0","0.0%","33","0.4%","0","0.0%","4","0.1%","686","0.6%","0","0.0%","57","0.3%","0","0.0%","0","0.0%","2","0.0%","0","0.0%","0","0.0%","0","0.0%","111","0.3%","269","2.4%","14","0.1%","0","0.0%","12","0.1%","0","0.0%","137","0.4%","40","0.4%","18","0.5%","3","0.0%","28","0.6%","0","0.0%","24","0.3%","29","1.4%","0","0.0%","657","0.4%"
"            Black or African American and American Indian and Alaska Native","0","0.0%","21","0.2%","12","0.2%","0","0.0%","0","0.0%","0","0.0%","153","0.2%","0","0.0%","40","0.3%","0","0.0%","2","0.0%","0","0.0%","0","0.0%","0","0.0%","4","0.0%","8","0.0%","0","0.0%","0","0.0%","0","0.0%","0","0.0%","29","0.2%","0","0.0%","0","0.0%","176","0.6%","18","0.0%","0","0.0%","5","0.0%","0","0.0%","0","0.0%","0","0.0%","0","0.0%","12","0.0%","0","0.0%","0","0.0%","0","0.0%","0","0.0%","9","0.2%","0","0.0%","7","0.1%","0","0.0%","0","0.0%","0","0.0%","0","0.0%","4","0.0%","11","0.1%","0","0.0%","80","0.2%","0","0.0%","0","0.0%","0","0.0%","4","0.1%","0","0.0%","0","0.0%","0","0.0%","0","0.0%","111","0.1%"
"Race alone or in combination with one or more other races","","","","","","","","","","","","","","","","","","","","","","","","","","","","","","","","","","","","","","","","","","","","","","","","","","","","","","","","","","","","","","","","","","","","","","","","","","","","","","","","","","","","","","","","","","","","","","","","","","","","","","","","","","","","","","","",""
"    Total population","9,415","9,415","13,387","13,387","6,719","6,719","5,945","5,945","10,597","10,597","1,331","1,331","81,625","81,625","5,732","5,732","11,729","11,729","1,730","1,730","9,017","9,017","9,106","9,106","2,921","2,921","11,221","11,221","99,899","99,899","108,063","108,063","1,036","1,036","13,732","13,732","728","728","3,311","3,311","16,436","16,436","11,917","11,917","1,954","1,954","30,013","30,013","67,805","67,805","2,351","2,351","19,537","19,537","1,790","1,790","8,302","8,302","1,888","1,888","4,251","4,251","117,309","117,309","4,766","4,766","16,352","16,352","453","453","4,077","4,077","5,994","5,994","1,607","1,607","6,854","6,854","1,252","1,252","42,512","42,512","11,199","11,199","11,175","11,175","9,152","9,152","11,681","11,681","3,483","3,483","34,770","34,770","9,466","9,466","3,670","3,670","6,086","6,086","4,892","4,892","668","668","7,471","7,471","2,142","2,142","1,122","1,122","159,008","159,008"
"        White","9,161","97.3%","4,540","33.9%","3,079","45.8%","5,890","99.1%","10,352","97.7%","1,321","99.2%","74,802","91.6%","4,583","80.0%","11,359","96.8%","1,661","96.0%","8,664","96.1%","8,751","96.1%","2,838","97.2%","10,691","95.3%","96,031","96.1%","104,075","96.3%","1,029","99.3%","4,624","33.7%","715","98.2%","3,294","99.5%","12,201","74.2%","11,619","97.5%","1,910","97.7%","22,117","73.7%","65,555","96.7%","2,351","100.0%","18,957","97.0%","1,653","92.3%","8,129","97.9%","1,770","93.8%","4,061","95.5%","111,401","95.0%","4,580","96.1%","16,043","98.1%","428","94.5%","3,657","89.7%","4,975","83.0%","1,578","98.2%","6,374","93.0%","1,224","97.8%","41,718","98.1%","10,853","96.9%","4,589","41.1%","5,425","59.3%","11,135","95.3%","3,432","98.5%","33,349","95.9%","9,264","97.9%","3,624","98.7%","5,928","97.4%","4,446","90.9%","638","95.5%","6,658","89.1%","2,062","96.3%","1,101","98.1%","148,104","93.1%"
"        Black or African American","38","0.4%","104","0.8%","39","0.6%","5","0.1%","61","0.6%","0","0.0%","1,993","2.4%","28","0.5%","123","1.0%","0","0.0%","79","0.9%","143","1.6%","1","0.0%","26","0.2%","794","0.8%","1,035","1.0%","7","0.7%","87","0.6%","10","1.4%","21","0.6%","190","1.2%","76","0.6%","29","1.5%","407","1.4%","581","0.9%","5","0.2%","47","0.2%","0","0.0%","44","0.5%","1","0.1%","51","1.2%","1,188","1.0%","11","0.2%","147","0.9%","0","0.0%","0","0.0%","31","0.5%","0","0.0%","131","1.9%","0","0.0%","233","0.5%","0","0.0%","43","0.4%","37","0.4%","69","0.6%","58","1.7%","363","1.0%","42","0.4%","0","0.0%","55","0.9%","31","0.6%","0","0.0%","59","0.8%","0","0.0%","0","0.0%","2,755","1.7%"
"        American Indian and Alaska Native","242","2.6%","8,980","67.1%","3,581","53.3%","140","2.4%","209","2.0%","41","3.1%","5,640","6.9%","1,173","20.5%","522","4.5%","55","3.2%","326","3.6%","341","3.7%","82","2.8%","267","2.4%","2,825","2.8%","2,235","2.1%","0","0.0%","9,074","66.1%","16","2.2%","93","2.8%","4,393","26.7%","432","3.6%","69","3.5%","9,123","30.4%","2,563","3.8%","0","0.0%","658","3.4%","108","6.0%","195","2.3%","47","2.5%","212","5.0%","4,978","4.2%","222","4.7%","366","2.2%","0","0.0%","558","13.7%","1,013","16.9%","61","3.8%","493","7.2%","15","1.2%","1,021","2.4%","352","3.1%","7,010","62.7%","3,598","39.3%","687","5.9%","103","3.0%","1,211","3.5%","208","2.2%","108","2.9%","214","3.5%","417","8.5%","6","0.9%","856","11.5%","73","3.4%","13","1.2%","9,593","6.0%"
"        Asian","168","1.8%","281","2.1%","24","0.4%","22","0.4%","54","0.5%","0","0.0%","1,385","1.7%","46","0.8%","23","0.2%","20","1.2%","46","0.5%","118","1.3%","51","1.7%","68","0.6%","1,316","1.3%","2,433","2.3%","0","0.0%","34","0.2%","12","1.6%","3","0.1%","175","1.1%","59","0.5%","0","0.0%","345","1.1%","852","1.3%","0","0.0%","100","0.5%","29","1.6%","36","0.4%","3","0.2%","40","0.9%","2,970","2.5%","56","1.2%","121","0.7%","25","5.5%","12","0.3%","8","0.1%","0","0.0%","64","0.9%","10","0.8%","375","0.9%","272","2.4%","83","0.7%","100","1.1%","74","0.6%","32","0.9%","422","1.2%","72","0.8%","28","0.8%","19","0.3%","60","1.2%","28","4.2%","79","1.1%","36","1.7%","8","0.7%","1,993","1.3%"
"        Native Hawaiian and Other Pacific Islander","19","0.2%","255","1.9%","0","0.0%","8","0.1%","6","0.1%","0","0.0%","429","0.5%","2","0.0%","25","0.2%","0","0.0%","0","0.0%","7","0.1%","0","0.0%","241","2.1%","247","0.2%","230","0.2%","0","0.0%","30","0.2%","0","0.0%","1","0.0%","5","0.0%","28","0.2%","0","0.0%","186","0.6%","114","0.2%","6","0.3%","96","0.5%","0","0.0%","1","0.0%","0","0.0%","0","0.0%","174","0.1%","0","0.0%","32","0.2%","0","0.0%","0","0.0%","0","0.0%","0","0.0%","2","0.0%","0","0.0%","34","0.1%","18","0.2%","2","0.0%","0","0.0%","25","0.2%","23","0.7%","29","0.1%","0","0.0%","0","0.0%","3","0.0%","4","0.1%","0","0.0%","96","1.3%","9","0.4%","0","0.0%","391","0.2%"
"        Some other race","40","0.4%","46","0.3%","132","2.0%","42","0.7%","33","0.3%","0","0.0%","1,143","1.4%","27","0.5%","103","0.9%","0","0.0%","49","0.5%","42","0.5%","2","0.1%","57","0.5%","1,179","1.2%","1,141","1.1%","0","0.0%","132","1.0%","2","0.3%","8","0.2%","197","1.2%","145","1.2%","0","0.0%","229","0.8%","409","0.6%","0","0.0%","202","1.0%","0","0.0%","137","1.7%","88","4.7%","6","0.1%","852","0.7%","6","0.1%","68","0.4%","0","0.0%","70","1.7%","70","1.2%","31","1.9%","22","0.3%","3","0.2%","212","0.5%","112","1.0%","57","0.5%","208","2.3%","49","0.4%","6","0.2%","68","0.2%","94","1.0%","0","0.0%","49","0.8%","12","0.2%","2","0.3%","46","0.6%","0","0.0%","0","0.0%","1,563","1.0%"
"HISPANIC OR LATINO AND RACE","","","","","","","","","","","","","","","","","","","","","","","","","","","","","","","","","","","","","","","","","","","","","","","","","","","","","","","","","","","","","","","","","","","","","","","","","","","","","","","","","","","","","","","","","","","","","","","","","","","","","","","","","","","","","","","",""
"    Total population","9,415","9,415","13,387","13,387","6,719","6,719","5,945","5,945","10,597","10,597","1,331","1,331","81,625","81,625","5,732","5,732","11,729","11,729","1,730","1,730","9,017","9,017","9,106","9,106","2,921","2,921","11,221","11,221","99,899","99,899","108,063","108,063","1,036","1,036","13,732","13,732","728","728","3,311","3,311","16,436","16,436","11,917","11,917","1,954","1,954","30,013","30,013","67,805","67,805","2,351","2,351","19,537","19,537","1,790","1,790","8,302","8,302","1,888","1,888","4,251","4,251","117,309","117,309","4,766","4,766","16,352","16,352","453","453","4,077","4,077","5,994","5,994","1,607","1,607","6,854","6,854","1,252","1,252","42,512","42,512","11,199","11,199","11,175","11,175","9,152","9,152","11,681","11,681","3,483","3,483","34,770","34,770","9,466","9,466","3,670","3,670","6,086","6,086","4,892","4,892","668","668","7,471","7,471","2,142","2,142","1,122","1,122","159,008","159,008"
"        Hispanic or Latino (of any race)","465","4.9%","852","6.4%","238","3.5%","166","2.8%","261","2.5%","1","0.1%","3,682","4.5%","151","2.6%","401","3.4%","46","2.7%","281","3.1%","315","3.5%","58","2.0%","104","0.9%","2,829","2.8%","4,032","3.7%","1","0.1%","451","3.3%","49","6.7%","75","2.3%","623","3.8%","305","2.6%","70","3.6%","1,374","4.6%","2,255","3.3%","29","1.2%","611","3.1%","67","3.7%","372","4.5%","88","4.7%","56","1.3%","3,841","3.3%","147","3.1%","505","3.1%","0","0.0%","114","2.8%","122","2.0%","51","3.2%","119","1.7%","16","1.3%","1,490","3.5%","608","5.4%","442","4.0%","473","5.2%","352","3.0%","132","3.8%","1,585","4.6%","374","4.0%","83","2.3%","99","1.6%","196","4.0%","4","0.6%","203","2.7%","67","3.1%","55","4.9%","8,928","5.6%"
"            Mexican","308","3.3%","852","6.4%","157","2.3%","92","1.5%","196","1.8%","1","0.1%","2,538","3.1%","115","2.0%","314","2.7%","10","0.6%","112","1.2%","278","3.1%","29","1.0%","99","0.9%","1,936","1.9%","2,682","2.5%","1","0.1%","215","1.6%","28","3.8%","43","1.3%","449","2.7%","198","1.7%","63","3.2%","1,100","3.7%","1,427","2.1%","2","0.1%","390","2.0%","67","3.7%","224","2.7%","87","4.6%","48","1.1%","2,800","2.4%","57","1.2%","433","2.6%","0","0.0%","114","2.8%","108","1.8%","37","2.3%","78","1.1%","16","1.3%","1,176","2.8%","542","4.8%","291","2.6%","428","4.7%","220","1.9%","126","3.6%","1,168","3.4%","217","2.3%","79","2.2%","33","0.5%","121","2.5%","4","0.6%","152","2.0%","66","3.1%","41","3.7%","6,408","4.0%"
"            Puerto Rican","0","0.0%","0","0.0%","38","0.6%","0","0.0%","20","0.2%","0","0.0%","295","0.4%","9","0.2%","10","0.1%","0","0.0%","18","0.2%","6","0.1%","0","0.0%","0","0.0%","320","0.3%","244","0.2%","0","0.0%","20","0.1%","0","0.0%","0","0.0%","27","0.2%","77","0.6%","7","0.4%","34","0.1%","302","0.4%","0","0.0%","39","0.2%","0","0.0%","0","0.0%","1","0.1%","0","0.0%","174","0.1%","55","1.2%","0","0.0%","0","0.0%","0","0.0%","0","0.0%","0","0.0%","8","0.1%","0","0.0%","75","0.2%","0","0.0%","116","1.0%","14","0.2%","48","0.4%","0","0.0%","29","0.1%","25","0.3%","0","0.0%","16","0.3%","0","0.0%","0","0.0%","10","0.1%","1","0.0%","0","0.0%","405","0.3%"
"            Cuban","35","0.4%","0","0.0%","25","0.4%","0","0.0%","0","0.0%","0","0.0%","292","0.4%","0","0.0%","0","0.0%","0","0.0%","0","0.0%","1","0.0%","0","0.0%","0","0.0%","82","0.1%","122","0.1%","0","0.0%","6","0.0%","1","0.1%","1","0.0%","71","0.4%","2","0.0%","0","0.0%","0","0.0%","27","0.0%","0","0.0%","46","0.2%","0","0.0%","6","0.1%","0","0.0%","0","0.0%","58","0.0%","0","0.0%","0","0.0%","0","0.0%","0","0.0%","3","0.1%","0","0.0%","0","0.0%","0","0.0%","40","0.1%","0","0.0%","0","0.0%","0","0.0%","32","0.3%","0","0.0%","13","0.0%","24","0.3%","0","0.0%","0","0.0%","0","0.0%","0","0.0%","0","0.0%","0","0.0%","0","0.0%","217","0.1%"
"            Other Hispanic or Latino","122","1.3%","0","0.0%","18","0.3%","74","1.2%","45","0.4%","0","0.0%","557","0.7%","27","0.5%","77","0.7%","36","2.1%","151","1.7%","30","0.3%","29","1.0%","5","0.0%","491","0.5%","984","0.9%","0","0.0%","210","1.5%","20","2.7%","31","0.9%","76","0.5%","28","0.2%","0","0.0%","240","0.8%","499","0.7%","27","1.1%","136","0.7%","0","0.0%","142","1.7%","0","0.0%","8","0.2%","809","0.7%","35","0.7%","72","0.4%","0","0.0%","0","0.0%","11","0.2%","14","0.9%","33","0.5%","0","0.0%","199","0.5%","66","0.6%","35","0.3%","31","0.3%","52","0.4%","6","0.2%","375","1.1%","108","1.1%","4","0.1%","50","0.8%","75","1.5%","0","0.0%","41","0.5%","0","0.0%","14","1.2%","1,898","1.2%"
"        Not Hispanic or Latino","8,950","95.1%","12,535","93.6%","6,481","96.5%","5,779","97.2%","10,336","97.5%","1,330","99.9%","77,943","95.5%","5,581","97.4%","11,328","96.6%","1,684","97.3%","8,736","96.9%","8,791","96.5%","2,863","98.0%","11,117","99.1%","97,070","97.2%","104,031","96.3%","1,035","99.9%","13,281","96.7%","679","93.3%","3,236","97.7%","15,813","96.2%","11,612","97.4%","1,884","96.4%","28,639","95.4%","65,550","96.7%","2,322","98.8%","18,926","96.9%","1,723","96.3%","7,930","95.5%","1,800","95.3%","4,195","98.7%","113,468","96.7%","4,619","96.9%","15,847","96.9%","453","100.0%","3,963","97.2%","5,872","98.0%","1,556","96.8%","6,735","98.3%","1,236","98.7%","41,022","96.5%","10,591","94.6%","10,733","96.0%","8,679","94.8%","11,329","97.0%","3,351","96.2%","33,185","95.4%","9,092","96.0%","3,587","97.7%","5,987","98.4%","4,696","96.0%","664","99.4%","7,268","97.3%","2,075","96.9%","1,067","95.1%","150,080","94.4%"
"            White alone","8,502","90.3%","3,584","26.8%","2,994","44.6%","5,612","94.4%","9,989","94.3%","1,289","96.8%","69,561","85.2%","4,409","76.9%","10,767","91.8%","1,609","93.0%","8,319","92.3%","8,206","90.1%","2,756","94.4%","10,555","94.1%","92,665","92.8%","99,001","91.6%","1,028","99.2%","4,112","29.9%","652","89.6%","3,121","94.3%","11,370","69.2%","11,042","92.7%","1,811","92.7%","19,521","65.0%","61,953","91.4%","2,311","98.3%","18,096","92.6%","1,589","88.8%","7,676","92.5%","1,749","92.6%","3,886","91.4%","104,688","89.2%","4,343","91.1%","15,263","93.3%","428","94.5%","3,417","83.8%","4,866","81.2%","1,495","93.0%","6,126","89.4%","1,224","97.8%","39,514","92.9%","9,947","88.8%","3,839","34.4%","5,018","54.8%","10,526","90.1%","3,172","91.1%","31,446","90.4%","8,783","92.8%","3,454","94.1%","5,697","93.6%","4,260","87.1%","630","94.3%","6,313","84.5%","2,000","93.4%","1,046","93.2%","137,320","86.4%"
"            Black or African American alone","7","0.1%","4","0.0%","27","0.4%","5","0.1%","43","0.4%","0","0.0%","1,055","1.3%","14","0.2%","74","0.6%","0","0.0%","70","0.8%","68","0.7%","1","0.0%","15","0.1%","342","0.3%","425","0.4%","7","0.7%","39","0.3%","0","0.0%","3","0.1%","52","0.3%","45","0.4%","0","0.0%","89","0.3%","180","0.3%","0","0.0%","40","0.2%","0","0.0%","2","0.0%","1","0.1%","34","0.8%","708","0.6%","0","0.0%","73","0.4%","0","0.0%","0","0.0%","8","0.1%","0","0.0%","64","0.9%","0","0.0%","48","0.1%","0","0.0%","24","0.2%","16","0.2%","36","0.3%","0","0.0%","191","0.5%","8","0.1%","0","0.0%","32","0.5%","23","0.5%","0","0.0%","29","0.4%","0","0.0%","0","0.0%","764","0.5%"
"            American Indian and Alaska Native alone","132","1.4%","8,602","64.3%","3,362","50.0%","23","0.4%","139","1.3%","10","0.8%","3,404","4.2%","1,047","18.3%","87","0.7%","55","3.2%","207","2.3%","169","1.9%","3","0.1%","156","1.4%","1,395","1.4%","820","0.8%","0","0.0%","8,835","64.3%","0","0.0%","12","0.4%","3,670","22.3%","125","1.0%","30","1.5%","6,941","23.1%","1,111","1.6%","0","0.0%","243","1.2%","105","5.9%","17","0.2%","26","1.4%","114","2.7%","2,230","1.9%","124","2.6%","65","0.4%","0","0.0%","375","9.2%","909","15.2%","27","1.7%","308","4.5%","2","0.2%","397","0.9%","222","2.0%","6,270","56.1%","3,373","36.9%","393","3.4%","36","1.0%","707","2.0%","93","1.0%","36","1.0%","60","1.0%","314","6.4%","0","0.0%","630","8.4%","30","1.4%","13","1.2%","6,284","4.0%"
"            Asian alone","59","0.6%","12","0.1%","7","0.1%","0","0.0%","30","0.3%","0","0.0%","558","0.7%","32","0.6%","11","0.1%","14","0.8%","22","0.2%","69","0.8%","51","1.7%","66","0.6%","698","0.7%","1,462","1.4%","0","0.0%","6","0.0%","0","0.0%","2","0.1%","60","0.4%","6","0.1%","0","0.0%","85","0.3%","448","0.7%","0","0.0%","79","0.4%","29","1.6%","3","0.0%","3","0.2%","36","0.8%","2,143","1.8%","43","0.9%","51","0.3%","25","5.5%","12","0.3%","6","0.1%","0","0.0%","26","0.4%","10","0.8%","226","0.5%","3","0.0%","67","0.6%","95","1.0%","49","0.4%","9","0.3%","257","0.7%","32","0.3%","10","0.3%","16","0.3%","21","0.4%","28","4.2%","16","0.2%","7","0.3%","8","0.7%","1,090","0.7%"
"            Native Hawaiian and Other Pacific Islander alone","5","0.1%","6","0.0%","0","0.0%","0","0.0%","0","0.0%","0","0.0%","65","0.1%","2","0.0%","20","0.2%","0","0.0%","0","0.0%","0","0.0%","0","0.0%","209","1.9%","47","0.0%","7","0.0%","0","0.0%","13","0.1%","0","0.0%","0","0.0%","0","0.0%","0","0.0%","0","0.0%","40","0.1%","47","0.1%","0","0.0%","46","0.2%","0","0.0%","0","0.0%","0","0.0%","0","0.0%","79","0.1%","0","0.0%","19","0.1%","0","0.0%","0","0.0%","0","0.0%","0","0.0%","0","0.0%","0","0.0%","0","0.0%","18","0.2%","0","0.0%","0","0.0%","1","0.0%","0","0.0%","5","0.0%","0","0.0%","0","0.0%","0","0.0%","0","0.0%","0","0.0%","11","0.1%","0","0.0%","0","0.0%","136","0.1%"
"            Some other race alone","0","0.0%","0","0.0%","12","0.2%","0","0.0%","20","0.2%","0","0.0%","18","0.0%","0","0.0%","0","0.0%","0","0.0%","0","0.0%","0","0.0%","0","0.0%","0","0.0%","152","0.2%","48","0.0%","0","0.0%","87","0.6%","0","0.0%","0","0.0%","22","0.1%","1","0.0%","0","0.0%","10","0.0%","16","0.0%","0","0.0%","5","0.0%","0","0.0%","0","0.0%","0","0.0%","6","0.1%","73","0.1%","0","0.0%","9","0.1%","0","0.0%","0","0.0%","0","0.0%","0","0.0%","0","0.0%","0","0.0%","0","0.0%","25","0.2%","0","0.0%","0","0.0%","4","0.0%","0","0.0%","0","0.0%","20","0.2%","0","0.0%","0","0.0%","0","0.0%","0","0.0%","5","0.1%","0","0.0%","0","0.0%","66","0.0%"
"            Two or more races","245","2.6%","327","2.4%","79","1.2%","139","2.3%","115","1.1%","31","2.3%","3,282","4.0%","77","1.3%","369","3.1%","6","0.3%","118","1.3%","279","3.1%","52","1.8%","116","1.0%","1,771","1.8%","2,268","2.1%","0","0.0%","189","1.4%","27","3.7%","98","3.0%","639","3.9%","393","3.3%","43","2.2%","1,953","6.5%","1,795","2.6%","11","0.5%","417","2.1%","0","0.0%","232","2.8%","21","1.1%","119","2.8%","3,547","3.0%","109","2.3%","367","2.2%","0","0.0%","159","3.9%","83","1.4%","34","2.1%","211","3.1%","0","0.0%","837","2.0%","376","3.4%","533","4.8%","177","1.9%","320","2.7%","134","3.8%","579","1.7%","156","1.6%","87","2.4%","182","3.0%","78","1.6%","6","0.9%","264","3.5%","38","1.8%","0","0.0%","4,420","2.8%"
"                Two races including Some other race","0","0.0%","0","0.0%","0","0.0%","0","0.0%","3","0.0%","0","0.0%","78","0.1%","0","0.0%","0","0.0%","0","0.0%","2","0.0%","0","0.0%","0","0.0%","0","0.0%","60","0.1%","14","0.0%","0","0.0%","0","0.0%","2","0.3%","0","0.0%","14","0.1%","20","0.2%","0","0.0%","36","0.1%","0","0.0%","0","0.0%","14","0.1%","0","0.0%","0","0.0%","0","0.0%","0","0.0%","117","0.1%","0","0.0%","2","0.0%","0","0.0%","0","0.0%","0","0.0%","0","0.0%","0","0.0%","0","0.0%","0","0.0%","0","0.0%","13","0.1%","21","0.2%","0","0.0%","0","0.0%","0","0.0%","0","0.0%","0","0.0%","0","0.0%","0","0.0%","0","0.0%","0","0.0%","0","0.0%","0","0.0%","146","0.1%"
"                Two races excluding Some other race, and Three or more races","245","2.6%","327","2.4%","79","1.2%","139","2.3%","112","1.1%","31","2.3%","3,204","3.9%","77","1.3%","369","3.1%","6","0.3%","116","1.3%","279","3.1%","52","1.8%","116","1.0%","1,711","1.7%","2,254","2.1%","0","0.0%","189","1.4%","25","3.4%","98","3.0%","625","3.8%","373","3.1%","43","2.2%","1,917","6.4%","1,795","2.6%","11","0.5%","403","2.1%","0","0.0%","232","2.8%","21","1.1%","119","2.8%","3,430","2.9%","109","2.3%","365","2.2%","0","0.0%","159","3.9%","83","1.4%","34","2.1%","211","3.1%","0","0.0%","837","2.0%","376","3.4%","520","4.7%","156","1.7%","320","2.7%","134","3.8%","579","1.7%","156","1.6%","87","2.4%","182","3.0%","78","1.6%","6","0.9%","264","3.5%","38","1.8%","0","0.0%","4,274","2.7%"
"Total housing units","5,344","(X)","4,732","(X)","2,841","(X)","2,736","(X)","6,570","(X)","784","(X)","38,857","(X)","2,922","(X)","5,700","(X)","1,134","(X)","4,449","(X)","5,203","(X)","1,534","(X)","5,896","(X)","48,785","(X)","49,478","(X)","814","(X)","5,397","(X)","478","(X)","2,832","(X)","7,348","(X)","5,112","(X)","1,349","(X)","16,886","(X)","31,621","(X)","1,129","(X)","11,591","(X)","1,064","(X)","7,002","(X)","1,368","(X)","2,504","(X)","53,955","(X)","2,733","(X)","9,599","(X)","302","(X)","2,352","(X)","2,692","(X)","1,003","(X)","3,203","(X)","690","(X)","19,816","(X)","5,248","(X)","4,134","(X)","4,159","(X)","6,762","(X)","2,161","(X)","17,242","(X)","4,866","(X)","2,209","(X)","2,919","(X)","2,369","(X)","469","(X)","4,879","(X)","1,173","(X)","601","(X)","71,184","(X)"
"CITIZEN, VOTING AGE POPULATION","","","","","","","","","","","","","","","","","","","","","","","","","","","","","","","","","","","","","","","","","","","","","","","","","","","","","","","","","","","","","","","","","","","","","","","","","","","","","","","","","","","","","","","","","","","","","","","","","","","","","","","","","","","","","","","",""
"    Citizen, 18 and over population","7,622","7,622","8,745","8,745","4,709","4,709","4,749","4,749","8,695","8,695","1,044","1,044","62,770","62,770","4,321","4,321","9,136","9,136","1,329","1,329","7,029","7,029","7,590","7,590","2,123","2,123","8,778","8,778","77,063","77,063","84,788","84,788","824","824","9,300","9,300","623","623","2,679","2,679","11,805","11,805","9,352","9,352","1,553","1,553","22,571","22,571","52,860","52,860","1,818","1,818","15,791","15,791","1,359","1,359","6,773","6,773","1,491","1,491","3,458","3,458","93,474","93,474","3,805","3,805","13,283","13,283","362","362","3,104","3,104","4,487","4,487","1,329","1,329","5,805","5,805","943","943","34,022","34,022","8,209","8,209","7,352","7,352","6,415","6,415","9,497","9,497","2,730","2,730","27,204","27,204","7,319","7,319","2,955","2,955","4,597","4,597","3,934","3,934","562","562","5,796","5,796","1,555","1,555","813","813","120,241","120,241"
"        Male","3,767","49.4%","4,162","47.6%","2,274","48.3%","2,436","51.3%","4,366","50.2%","530","50.8%","31,484","50.2%","2,177","50.4%","4,468","48.9%","676","50.9%","3,744","53.3%","3,989","52.6%","1,117","52.6%","4,373","49.8%","38,099","49.4%","44,190","52.1%","405","49.2%","4,564","49.1%","312","50.1%","1,389","51.8%","5,961","50.5%","4,779","51.1%","840","54.1%","11,019","48.8%","25,957","49.1%","832","45.8%","7,928","50.2%","696","51.2%","3,527","52.1%","793","53.2%","1,795","51.9%","46,555","49.8%","1,888","49.6%","6,562","49.4%","174","48.1%","1,523","49.1%","2,220","49.5%","654","49.2%","3,806","65.6%","501","53.1%","16,685","49.0%","4,200","51.2%","3,622","49.3%","3,221","50.2%","4,870","51.3%","1,349","49.4%","13,520","49.7%","3,692","50.4%","1,468","49.7%","2,266","49.3%","2,264","57.5%","275","48.9%","2,824","48.7%","711","45.7%","381","46.9%","58,571","48.7%"
"        Female","3,855","50.6%","4,583","52.4%","2,435","51.7%","2,313","48.7%","4,329","49.8%","514","49.2%","31,286","49.8%","2,144","49.6%","4,668","51.1%","653","49.1%","3,285","46.7%","3,601","47.4%","1,006","47.4%","4,405","50.2%","38,964","50.6%","40,598","47.9%","419","50.8%","4,736","50.9%","311","49.9%","1,290","48.2%","5,844","49.5%","4,573","48.9%","713","45.9%","11,552","51.2%","26,903","50.9%","986","54.2%","7,863","49.8%","663","48.8%","3,246","47.9%","698","46.8%","1,663","48.1%","46,919","50.2%","1,917","50.4%","6,721","50.6%","188","51.9%","1,581","50.9%","2,267","50.5%","675","50.8%","1,999","34.4%","442","46.9%","17,337","51.0%","4,009","48.8%","3,730","50.7%","3,194","49.8%","4,627","48.7%","1,381","50.6%","13,684","50.3%","3,627","49.6%","1,487","50.3%","2,331","50.7%","1,670","42.5%","287","51.1%","2,972","51.3%","844","54.3%","432","53.1%","61,670","51.3%"